﻿[{
	"id": "35",
	"provincecode": "150000",
	"city": "阿拉善盟",
	"code": "152900",
	"initial": "A"
}, {
	"id": "38",
	"provincecode": "210000",
	"city": "鞍山市",
	"code": "210300",
	"initial": "A"
}, {
	"id": "105",
	"provincecode": "340000",
	"city": "安庆市",
	"code": "340800",
	"initial": "A"
}, {
	"id": "156",
	"provincecode": "410000",
	"city": "安阳市",
	"code": "410500",
	"initial": "A"
}, {
	"id": "256",
	"provincecode": "510000",
	"city": "阿坝藏族羌族自治州",
	"code": "513200",
	"initial": "A"
}, {
	"id": "262",
	"provincecode": "520000",
	"city": "安顺市",
	"code": "520400",
	"initial": "A"
}, {
	"id": "289",
	"provincecode": "540000",
	"city": "阿里地区",
	"code": "542500",
	"initial": "A"
}, {
	"id": "299",
	"provincecode": "610000",
	"city": "安康市",
	"code": "610900",
	"initial": "A"
}, {
	"id": "335",
	"provincecode": "650000",
	"city": "阿克苏地区",
	"code": "652900",
	"initial": "A"
}, {
	"id": "341",
	"provincecode": "650000",
	"city": "阿勒泰地区",
	"code": "654300",
	"initial": "A"
}, {
	"id": "1",
	"provincecode": "110000",
	"city": "北京市",
	"code": "110100",
	"initial": "B"
}, {
	"id": "7",
	"provincecode": "130000",
	"city": "保定市",
	"code": "130600",
	"initial": "B"
}, {
	"id": "25",
	"provincecode": "150000",
	"city": "包头市",
	"code": "150200",
	"initial": "B"
}, {
	"id": "31",
	"provincecode": "150000",
	"city": "巴彦淖尔市",
	"code": "150800",
	"initial": "B"
}, {
	"id": "40",
	"provincecode": "210000",
	"city": "本溪市",
	"code": "210500",
	"initial": "B"
}, {
	"id": "55",
	"provincecode": "220000",
	"city": "白山市",
	"code": "220600",
	"initial": "B"
}, {
	"id": "57",
	"provincecode": "220000",
	"city": "白城市",
	"code": "220800",
	"initial": "B"
}, {
	"id": "100",
	"provincecode": "340000",
	"city": "蚌埠市",
	"code": "340300",
	"initial": "B"
}, {
	"id": "150",
	"provincecode": "370000",
	"city": "滨州市",
	"code": "371600",
	"initial": "B"
}, {
	"id": "222",
	"provincecode": "450000",
	"city": "北海市",
	"code": "450500",
	"initial": "B"
}, {
	"id": "227",
	"provincecode": "450000",
	"city": "百色市",
	"code": "451000",
	"initial": "B"
}, {
	"id": "254",
	"provincecode": "510000",
	"city": "巴中市",
	"code": "511900",
	"initial": "B"
}, {
	"id": "265",
	"provincecode": "520000",
	"city": "毕节地区",
	"code": "522400",
	"initial": "B"
}, {
	"id": "271",
	"provincecode": "530000",
	"city": "保山市",
	"code": "530500",
	"initial": "B"
}, {
	"id": "293",
	"provincecode": "610000",
	"city": "宝鸡市",
	"code": "610300",
	"initial": "B"
}, {
	"id": "304",
	"provincecode": "620000",
	"city": "白银市",
	"code": "620400",
	"initial": "B"
}, {
	"id": "333",
	"provincecode": "650000",
	"city": "博尔塔拉蒙古自治州",
	"code": "652700",
	"initial": "B"
}, {
	"id": "334",
	"provincecode": "650000",
	"city": "巴音郭楞蒙古自治州",
	"code": "652800",
	"initial": "B"
}, {
	"id": "",
	"provincecode": "500000",
	"city": "重庆市",
	"code": "500000",
	"initial": "C"
}, {
	"id": "9",
	"provincecode": "130000",
	"city": "承德市",
	"code": "130800",
	"initial": "C"
}, {
	"id": "10",
	"provincecode": "130000",
	"city": "沧州市",
	"code": "130900",
	"initial": "C"
}, {
	"id": "16",
	"provincecode": "140000",
	"city": "长治市",
	"code": "140400",
	"initial": "C"
}, {
	"id": "27",
	"provincecode": "150000",
	"city": "赤峰市",
	"code": "150400",
	"initial": "C"
}, {
	"id": "48",
	"provincecode": "210000",
	"city": "朝阳市",
	"code": "211300",
	"initial": "C"
}, {
	"id": "50",
	"provincecode": "220000",
	"city": "长春市",
	"code": "220100",
	"initial": "C"
}, {
	"id": "77",
	"provincecode": "320000",
	"city": "常州市",
	"code": "320400",
	"initial": "C"
}, {
	"id": "107",
	"provincecode": "340000",
	"city": "滁州市",
	"code": "341100",
	"initial": "C"
}, {
	"id": "110",
	"provincecode": "340000",
	"city": "巢湖市",
	"code": "341400",
	"initial": "C"
}, {
	"id": "113",
	"provincecode": "340000",
	"city": "池州市",
	"code": "341700",
	"initial": "C"
}, {
	"id": "183",
	"provincecode": "430000",
	"city": "长沙市",
	"code": "430100",
	"initial": "C"
}, {
	"id": "189",
	"provincecode": "430000",
	"city": "常德市",
	"code": "430700",
	"initial": "C"
}, {
	"id": "192",
	"provincecode": "430000",
	"city": "郴州市",
	"code": "431000",
	"initial": "C"
}, {
	"id": "215",
	"provincecode": "440000",
	"city": "潮州市",
	"code": "445100",
	"initial": "C"
}, {
	"id": "231",
	"provincecode": "450000",
	"city": "崇左市",
	"code": "451400",
	"initial": "C"
}, {
	"id": "238",
	"provincecode": "510000",
	"city": "成都市",
	"code": "510100",
	"initial": "C"
}, {
	"id": "276",
	"provincecode": "530000",
	"city": "楚雄彝族自治州",
	"code": "532300",
	"initial": "C"
}, {
	"id": "285",
	"provincecode": "540000",
	"city": "昌都地区",
	"code": "542100",
	"initial": "C"
}, {
	"id": "332",
	"provincecode": "650000",
	"city": "昌吉回族自治州",
	"code": "652300",
	"initial": "C"
}, {
	"id": "14",
	"provincecode": "140000",
	"city": "大同市",
	"code": "140200",
	"initial": "D"
}, {
	"id": "37",
	"provincecode": "210000",
	"city": "大连市",
	"code": "210200",
	"initial": "D"
}, {
	"id": "41",
	"provincecode": "210000",
	"city": "丹东市",
	"code": "210600",
	"initial": "D"
}, {
	"id": "64",
	"provincecode": "230000",
	"city": "大庆市",
	"code": "230600",
	"initial": "D"
}, {
	"id": "71",
	"provincecode": "230000",
	"city": "大兴安岭地区",
	"code": "232700",
	"initial": "D"
}, {
	"id": "139",
	"provincecode": "370000",
	"city": "东营市",
	"code": "370500",
	"initial": "D"
}, {
	"id": "148",
	"provincecode": "370000",
	"city": "德州市",
	"code": "371400",
	"initial": "D"
}, {
	"id": "213",
	"provincecode": "440000",
	"city": "东莞市",
	"code": "441900",
	"initial": "D"
}, {
	"id": "242",
	"provincecode": "510000",
	"city": "德阳市",
	"code": "510600",
	"initial": "D"
}, {
	"id": "252",
	"provincecode": "510000",
	"city": "达州市",
	"code": "511700",
	"initial": "D"
}, {
	"id": "280",
	"provincecode": "530000",
	"city": "大理白族自治州",
	"code": "532900",
	"initial": "D"
}, {
	"id": "281",
	"provincecode": "530000",
	"city": "德宏傣族景颇族自治州",
	"code": "533100",
	"initial": "D"
}, {
	"id": "283",
	"provincecode": "530000",
	"city": "迪庆藏族自治州",
	"code": "533400",
	"initial": "D"
}, {
	"id": "311",
	"provincecode": "620000",
	"city": "定西市",
	"code": "621100",
	"initial": "D"
}, {
	"id": "29",
	"provincecode": "150000",
	"city": "鄂尔多斯市",
	"code": "150600",
	"initial": "E"
}, {
	"id": "174",
	"provincecode": "420000",
	"city": "鄂州市",
	"code": "420700",
	"initial": "E"
}, {
	"id": "181",
	"provincecode": "420000",
	"city": "恩施土家族苗族自治州",
	"code": "422800",
	"initial": "E"
}, {
	"id": "39",
	"provincecode": "210000",
	"city": "抚顺市",
	"code": "210400",
	"initial": "F"
}, {
	"id": "44",
	"provincecode": "210000",
	"city": "阜新市",
	"code": "210900",
	"initial": "F"
}, {
	"id": "108",
	"provincecode": "340000",
	"city": "阜阳市",
	"code": "341200",
	"initial": "F"
}, {
	"id": "115",
	"provincecode": "350000",
	"city": "福州市",
	"code": "350100",
	"initial": "F"
}, {
	"id": "133",
	"provincecode": "360000",
	"city": "抚州市",
	"code": "361000",
	"initial": "F"
}, {
	"id": "202",
	"provincecode": "440000",
	"city": "佛山市",
	"code": "440600",
	"initial": "F"
}, {
	"id": "223",
	"provincecode": "450000",
	"city": "防城港市",
	"code": "450600",
	"initial": "F"
}, {
	"id": "130",
	"provincecode": "360000",
	"city": "赣州市",
	"code": "360700",
	"initial": "G"
}, {
	"id": "197",
	"provincecode": "440000",
	"city": "广州市",
	"code": "440100",
	"initial": "G"
}, {
	"id": "220",
	"provincecode": "450000",
	"city": "桂林市",
	"code": "450300",
	"initial": "G"
}, {
	"id": "225",
	"provincecode": "450000",
	"city": "贵港市",
	"code": "450800",
	"initial": "G"
}, {
	"id": "244",
	"provincecode": "510000",
	"city": "广元市",
	"code": "510800",
	"initial": "G"
}, {
	"id": "251",
	"provincecode": "510000",
	"city": "广安市",
	"code": "511600",
	"initial": "G"
}, {
	"id": "257",
	"provincecode": "510000",
	"city": "甘孜藏族自治州",
	"code": "513300",
	"initial": "G"
}, {
	"id": "259",
	"provincecode": "520000",
	"city": "贵阳市",
	"code": "520100",
	"initial": "G"
}, {
	"id": "314",
	"provincecode": "620000",
	"city": "甘南藏族自治州",
	"code": "623000",
	"initial": "G"
}, {
	"id": "320",
	"provincecode": "630000",
	"city": "果洛藏族自治州",
	"code": "632600",
	"initial": "G"
}, {
	"id": "326",
	"provincecode": "640000",
	"city": "固原市",
	"code": "640400",
	"initial": "G"
}, {
	"id": "5",
	"provincecode": "130000",
	"city": "邯郸市",
	"code": "130400",
	"initial": "H"
}, {
	"id": "12",
	"provincecode": "130000",
	"city": "衡水市",
	"code": "131100",
	"initial": "H"
}, {
	"id": "24",
	"provincecode": "150000",
	"city": "呼和浩特市",
	"code": "150100",
	"initial": "H"
}, {
	"id": "30",
	"provincecode": "150000",
	"city": "呼伦贝尔市",
	"code": "150700",
	"initial": "H"
}, {
	"id": "49",
	"provincecode": "210000",
	"city": "葫芦岛市",
	"code": "211400",
	"initial": "H"
}, {
	"id": "59",
	"provincecode": "230000",
	"city": "哈尔滨市",
	"code": "230100",
	"initial": "H"
}, {
	"id": "62",
	"provincecode": "230000",
	"city": "鹤岗市",
	"code": "230400",
	"initial": "H"
}, {
	"id": "69",
	"provincecode": "230000",
	"city": "黑河市",
	"code": "231100",
	"initial": "H"
}, {
	"id": "81",
	"provincecode": "320000",
	"city": "淮安市",
	"code": "320800",
	"initial": "H"
}, {
	"id": "87",
	"provincecode": "330000",
	"city": "杭州市",
	"code": "330100",
	"initial": "H"
}, {
	"id": "91",
	"provincecode": "330000",
	"city": "湖州市",
	"code": "330500",
	"initial": "H"
}, {
	"id": "98",
	"provincecode": "340000",
	"city": "合肥市",
	"code": "340100",
	"initial": "H"
}, {
	"id": "101",
	"provincecode": "340000",
	"city": "淮南市",
	"code": "340400",
	"initial": "H"
}, {
	"id": "103",
	"provincecode": "340000",
	"city": "淮北市",
	"code": "340600",
	"initial": "H"
}, {
	"id": "106",
	"provincecode": "340000",
	"city": "黄山市",
	"code": "341000",
	"initial": "H"
}, {
	"id": "112",
	"provincecode": "340000",
	"city": "亳州市",
	"code": "341600",
	"initial": "H"
}, {
	"id": "151",
	"provincecode": "370000",
	"city": "荷泽市",
	"code": "371700",
	"initial": "H"
}, {
	"id": "157",
	"provincecode": "410000",
	"city": "鹤壁市",
	"code": "410600",
	"initial": "H"
}, {
	"id": "170",
	"provincecode": "420000",
	"city": "黄石市",
	"code": "420200",
	"initial": "H"
}, {
	"id": "178",
	"provincecode": "420000",
	"city": "黄冈市",
	"code": "421100",
	"initial": "H"
}, {
	"id": "186",
	"provincecode": "430000",
	"city": "衡阳市",
	"code": "430400",
	"initial": "H"
}, {
	"id": "194",
	"provincecode": "430000",
	"city": "怀化市",
	"code": "431200",
	"initial": "H"
}, {
	"id": "207",
	"provincecode": "440000",
	"city": "惠州市",
	"code": "441300",
	"initial": "H"
}, {
	"id": "210",
	"provincecode": "440000",
	"city": "河源市",
	"code": "441600",
	"initial": "H"
}, {
	"id": "228",
	"provincecode": "450000",
	"city": "贺州市",
	"code": "451100",
	"initial": "H"
}, {
	"id": "229",
	"provincecode": "450000",
	"city": "河池市",
	"code": "451200",
	"initial": "H"
}, {
	"id": "232",
	"provincecode": "460000",
	"city": "海口市",
	"code": "460100",
	"initial": "H"
}, {
	"id": "277",
	"provincecode": "530000",
	"city": "红河哈尼族彝族自治州",
	"code": "532500",
	"initial": "H"
}, {
	"id": "297",
	"provincecode": "610000",
	"city": "汉中市",
	"code": "610700",
	"initial": "H"
}, {
	"id": "316",
	"provincecode": "630000",
	"city": "海东地区",
	"code": "632100",
	"initial": "H"
}, {
	"id": "317",
	"provincecode": "630000",
	"city": "海北藏族自治州",
	"code": "632200",
	"initial": "H"
}, {
	"id": "318",
	"provincecode": "630000",
	"city": "黄南藏族自治州",
	"code": "632300",
	"initial": "H"
}, {
	"id": "319",
	"provincecode": "630000",
	"city": "海南藏族自治州",
	"code": "632500",
	"initial": "H"
}, {
	"id": "322",
	"provincecode": "630000",
	"city": "海西蒙古族藏族自治州",
	"code": "632800",
	"initial": "H"
}, {
	"id": "331",
	"provincecode": "650000",
	"city": "哈密地区",
	"code": "652200",
	"initial": "H"
}, {
	"id": "338",
	"provincecode": "650000",
	"city": "和田地区",
	"code": "653200",
	"initial": "H"
}, {
	"id": "17",
	"provincecode": "140000",
	"city": "晋城市",
	"code": "140500",
	"initial": "J"
}, {
	"id": "19",
	"provincecode": "140000",
	"city": "晋中市",
	"code": "140700",
	"initial": "J"
}, {
	"id": "42",
	"provincecode": "210000",
	"city": "锦州市",
	"code": "210700",
	"initial": "J"
}, {
	"id": "51",
	"provincecode": "220000",
	"city": "吉林市",
	"code": "220200",
	"initial": "J"
}, {
	"id": "61",
	"provincecode": "230000",
	"city": "鸡西市",
	"code": "230300",
	"initial": "J"
}, {
	"id": "66",
	"provincecode": "230000",
	"city": "佳木斯市",
	"code": "230800",
	"initial": "J"
}, {
	"id": "90",
	"provincecode": "330000",
	"city": "嘉兴市",
	"code": "330400",
	"initial": "J"
}, {
	"id": "93",
	"provincecode": "330000",
	"city": "金华市",
	"code": "330700",
	"initial": "J"
}, {
	"id": "125",
	"provincecode": "360000",
	"city": "景德镇市",
	"code": "360200",
	"initial": "J"
}, {
	"id": "127",
	"provincecode": "360000",
	"city": "九江市",
	"code": "360400",
	"initial": "J"
}, {
	"id": "131",
	"provincecode": "360000",
	"city": "吉安市",
	"code": "360800",
	"initial": "J"
}, {
	"id": "135",
	"provincecode": "370000",
	"city": "济南市",
	"code": "370100",
	"initial": "J"
}, {
	"id": "142",
	"provincecode": "370000",
	"city": "济宁市",
	"code": "370800",
	"initial": "J"
}, {
	"id": "159",
	"provincecode": "410000",
	"city": "焦作市",
	"code": "410800",
	"initial": "J"
}, {
	"id": "175",
	"provincecode": "420000",
	"city": "荆门市",
	"code": "420800",
	"initial": "J"
}, {
	"id": "177",
	"provincecode": "420000",
	"city": "荆州市",
	"code": "421000",
	"initial": "J"
}, {
	"id": "203",
	"provincecode": "440000",
	"city": "江门市",
	"code": "440700",
	"initial": "J"
}, {
	"id": "216",
	"provincecode": "440000",
	"city": "揭阳市",
	"code": "445200",
	"initial": "J"
}, {
	"id": "302",
	"provincecode": "620000",
	"city": "嘉峪关市",
	"code": "620200",
	"initial": "J"
}, {
	"id": "303",
	"provincecode": "620000",
	"city": "金昌市",
	"code": "620300",
	"initial": "J"
}, {
	"id": "309",
	"provincecode": "620000",
	"city": "酒泉市",
	"code": "620900",
	"initial": "J"
}, {
	"id": "153",
	"provincecode": "410000",
	"city": "开封市",
	"code": "410200",
	"initial": "K"
}, {
	"id": "268",
	"provincecode": "530000",
	"city": "昆明市",
	"code": "530100",
	"initial": "K"
}, {
	"id": "329",
	"provincecode": "650000",
	"city": "克拉玛依市",
	"code": "650200",
	"initial": "K"
}, {
	"id": "336",
	"provincecode": "650000",
	"city": "克孜勒苏柯尔克孜自治州",
	"code": "653000",
	"initial": "K"
}, {
	"id": "337",
	"provincecode": "650000",
	"city": "喀什地区",
	"code": "653100",
	"initial": "K"
}, {
	"id": "11",
	"provincecode": "130000",
	"city": "廊坊市",
	"code": "131000",
	"initial": "L"
}, {
	"id": "22",
	"provincecode": "140000",
	"city": "临汾市",
	"code": "141000",
	"initial": "L"
}, {
	"id": "23",
	"provincecode": "140000",
	"city": "吕梁市",
	"code": "141100",
	"initial": "L"
}, {
	"id": "45",
	"provincecode": "210000",
	"city": "辽阳市",
	"code": "211000",
	"initial": "L"
}, {
	"id": "53",
	"provincecode": "220000",
	"city": "辽源市",
	"code": "220400",
	"initial": "L"
}, {
	"id": "80",
	"provincecode": "320000",
	"city": "连云港市",
	"code": "320700",
	"initial": "L"
}, {
	"id": "97",
	"provincecode": "330000",
	"city": "丽水市",
	"code": "331100",
	"initial": "L"
}, {
	"id": "111",
	"provincecode": "340000",
	"city": "六安市",
	"code": "341500",
	"initial": "L"
}, {
	"id": "122",
	"provincecode": "350000",
	"city": "龙岩市",
	"code": "350800",
	"initial": "L"
}, {
	"id": "146",
	"provincecode": "370000",
	"city": "莱芜市",
	"code": "371200",
	"initial": "L"
}, {
	"id": "147",
	"provincecode": "370000",
	"city": "临沂市",
	"code": "371300",
	"initial": "L"
}, {
	"id": "149",
	"provincecode": "370000",
	"city": "聊城市",
	"code": "371500",
	"initial": "L"
}, {
	"id": "154",
	"provincecode": "410000",
	"city": "洛阳市",
	"code": "410300",
	"initial": "L"
}, {
	"id": "162",
	"provincecode": "410000",
	"city": "漯河市",
	"code": "411100",
	"initial": "L"
}, {
	"id": "195",
	"provincecode": "430000",
	"city": "娄底市",
	"code": "431300",
	"initial": "L"
}, {
	"id": "219",
	"provincecode": "450000",
	"city": "柳州市",
	"code": "450200",
	"initial": "L"
}, {
	"id": "230",
	"provincecode": "450000",
	"city": "来宾市",
	"code": "451300",
	"initial": "L"
}, {
	"id": "241",
	"provincecode": "510000",
	"city": "泸州市",
	"code": "510500",
	"initial": "L"
}, {
	"id": "247",
	"provincecode": "510000",
	"city": "乐山市",
	"code": "511100",
	"initial": "L"
}, {
	"id": "258",
	"provincecode": "510000",
	"city": "凉山彝族自治州",
	"code": "513400",
	"initial": "L"
}, {
	"id": "260",
	"provincecode": "520000",
	"city": "六盘水市",
	"code": "520200",
	"initial": "L"
}, {
	"id": "273",
	"provincecode": "530000",
	"city": "丽江市",
	"code": "530700",
	"initial": "L"
}, {
	"id": "275",
	"provincecode": "530000",
	"city": "临沧市",
	"code": "530900",
	"initial": "L"
}, {
	"id": "284",
	"provincecode": "540000",
	"city": "拉萨市",
	"code": "540100",
	"initial": "L"
}, {
	"id": "290",
	"provincecode": "540000",
	"city": "林芝地区",
	"code": "542600",
	"initial": "L"
}, {
	"id": "301",
	"provincecode": "620000",
	"city": "兰州市",
	"code": "620100",
	"initial": "L"
}, {
	"id": "312",
	"provincecode": "620000",
	"city": "陇南市",
	"code": "621200",
	"initial": "L"
}, {
	"id": "313",
	"provincecode": "620000",
	"city": "临夏回族自治州",
	"code": "622900",
	"initial": "L"
}, {
	"id": "68",
	"provincecode": "230000",
	"city": "牡丹江市",
	"code": "231000",
	"initial": "M"
}, {
	"id": "102",
	"provincecode": "340000",
	"city": "马鞍山市",
	"code": "340500",
	"initial": "M"
}, {
	"id": "205",
	"provincecode": "440000",
	"city": "茂名市",
	"code": "440900",
	"initial": "M"
}, {
	"id": "208",
	"provincecode": "440000",
	"city": "梅州市",
	"code": "441400",
	"initial": "M"
}, {
	"id": "243",
	"provincecode": "510000",
	"city": "绵阳市",
	"code": "510700",
	"initial": "M"
}, {
	"id": "249",
	"provincecode": "510000",
	"city": "眉山市",
	"code": "511400",
	"initial": "M"
}, {
	"id": "74",
	"provincecode": "320000",
	"city": "南京市",
	"code": "320100",
	"initial": "N"
}, {
	"id": "79",
	"provincecode": "320000",
	"city": "南通市",
	"code": "320600",
	"initial": "N"
}, {
	"id": "88",
	"provincecode": "330000",
	"city": "宁波市",
	"code": "330200",
	"initial": "N"
}, {
	"id": "121",
	"provincecode": "350000",
	"city": "南平市",
	"code": "350700",
	"initial": "N"
}, {
	"id": "123",
	"provincecode": "350000",
	"city": "宁德市",
	"code": "350900",
	"initial": "N"
}, {
	"id": "124",
	"provincecode": "360000",
	"city": "南昌市",
	"code": "360100",
	"initial": "N"
}, {
	"id": "164",
	"provincecode": "410000",
	"city": "南阳市",
	"code": "411300",
	"initial": "N"
}, {
	"id": "218",
	"provincecode": "450000",
	"city": "南宁市",
	"code": "450100",
	"initial": "N"
}, {
	"id": "246",
	"provincecode": "510000",
	"city": "内江市",
	"code": "511000",
	"initial": "N"
}, {
	"id": "248",
	"provincecode": "510000",
	"city": "南充市",
	"code": "511300",
	"initial": "N"
}, {
	"id": "282",
	"provincecode": "530000",
	"city": "怒江傈僳族自治州",
	"code": "533300",
	"initial": "N"
}, {
	"id": "288",
	"provincecode": "540000",
	"city": "那曲地区",
	"code": "542400",
	"initial": "N"
}, {
	"id": "46",
	"provincecode": "210000",
	"city": "盘锦市",
	"code": "211100",
	"initial": "P"
}, {
	"id": "117",
	"provincecode": "350000",
	"city": "莆田市",
	"code": "350300",
	"initial": "P"
}, {
	"id": "126",
	"provincecode": "360000",
	"city": "萍乡市",
	"code": "360300",
	"initial": "P"
}, {
	"id": "155",
	"provincecode": "410000",
	"city": "平顶山市",
	"code": "410400",
	"initial": "P"
}, {
	"id": "160",
	"provincecode": "410000",
	"city": "濮阳市",
	"code": "410900",
	"initial": "P"
}, {
	"id": "240",
	"provincecode": "510000",
	"city": "攀枝花市",
	"code": "510400",
	"initial": "P"
}, {
	"id": "308",
	"provincecode": "620000",
	"city": "平凉市",
	"code": "620800",
	"initial": "P"
}, {
	"id": "4",
	"provincecode": "130000",
	"city": "秦皇岛市",
	"code": "130300",
	"initial": "Q"
}, {
	"id": "60",
	"provincecode": "230000",
	"city": "齐齐哈尔市",
	"code": "230200",
	"initial": "Q"
}, {
	"id": "67",
	"provincecode": "230000",
	"city": "七台河市",
	"code": "230900",
	"initial": "Q"
}, {
	"id": "94",
	"provincecode": "330000",
	"city": "衢州市",
	"code": "330800",
	"initial": "Q"
}, {
	"id": "119",
	"provincecode": "350000",
	"city": "泉州市",
	"code": "350500",
	"initial": "Q"
}, {
	"id": "136",
	"provincecode": "370000",
	"city": "青岛市",
	"code": "370200",
	"initial": "Q"
}, {
	"id": "212",
	"provincecode": "440000",
	"city": "清远市",
	"code": "441800",
	"initial": "Q"
}, {
	"id": "224",
	"provincecode": "450000",
	"city": "钦州市",
	"code": "450700",
	"initial": "Q"
}, {
	"id": "264",
	"provincecode": "520000",
	"city": "黔西南布依族苗族自治州",
	"code": "522300",
	"initial": "Q"
}, {
	"id": "266",
	"provincecode": "520000",
	"city": "黔东南苗族侗族自治州",
	"code": "522600",
	"initial": "Q"
}, {
	"id": "267",
	"provincecode": "520000",
	"city": "黔南布依族苗族自治州",
	"code": "522700",
	"initial": "Q"
}, {
	"id": "269",
	"provincecode": "530000",
	"city": "曲靖市",
	"code": "530300",
	"initial": "Q"
}, {
	"id": "310",
	"provincecode": "620000",
	"city": "庆阳市",
	"code": "621000",
	"initial": "Q"
}, {
	"id": "145",
	"provincecode": "370000",
	"city": "日照市",
	"code": "371100",
	"initial": "R"
}, {
	"id": "287",
	"provincecode": "540000",
	"city": "日喀则地区",
	"code": "542300",
	"initial": "R"
}, {
	"id": "2",
	"provincecode": "130000",
	"city": "石家庄市",
	"code": "130100",
	"initial": "S"
}, {
	"id": "",
	"provincecode": "310000",
	"city": "上海市",
	"code": "310100",
	"initial": "S"
}, {
	"id": "18",
	"provincecode": "140000",
	"city": "朔州市",
	"code": "140600",
	"initial": "S"
}, {
	"id": "36",
	"provincecode": "210000",
	"city": "沈阳市",
	"code": "210100",
	"initial": "S"
}, {
	"id": "52",
	"provincecode": "220000",
	"city": "四平市",
	"code": "220300",
	"initial": "S"
}, {
	"id": "56",
	"provincecode": "220000",
	"city": "松原市",
	"code": "220700",
	"initial": "S"
}, {
	"id": "63",
	"provincecode": "230000",
	"city": "双鸭山市",
	"code": "230500",
	"initial": "S"
}, {
	"id": "70",
	"provincecode": "230000",
	"city": "绥化市",
	"code": "231200",
	"initial": "S"
}, {
	"id": "78",
	"provincecode": "320000",
	"city": "苏州市",
	"code": "320500",
	"initial": "S"
}, {
	"id": "86",
	"provincecode": "320000",
	"city": "宿迁市",
	"code": "321300",
	"initial": "S"
}, {
	"id": "92",
	"provincecode": "330000",
	"city": "绍兴市",
	"code": "330600",
	"initial": "S"
}, {
	"id": "109",
	"provincecode": "340000",
	"city": "宿州市",
	"code": "341300",
	"initial": "S"
}, {
	"id": "118",
	"provincecode": "350000",
	"city": "三明市",
	"code": "350400",
	"initial": "S"
}, {
	"id": "134",
	"provincecode": "360000",
	"city": "上饶市",
	"code": "361100",
	"initial": "S"
}, {
	"id": "163",
	"provincecode": "410000",
	"city": "三门峡市",
	"code": "411200",
	"initial": "S"
}, {
	"id": "165",
	"provincecode": "410000",
	"city": "商丘市",
	"code": "411400",
	"initial": "S"
}, {
	"id": "171",
	"provincecode": "420000",
	"city": "十堰市",
	"code": "420300",
	"initial": "S"
}, {
	"id": "180",
	"provincecode": "420000",
	"city": "随州市",
	"code": "421300",
	"initial": "S"
}, {
	"id": "187",
	"provincecode": "430000",
	"city": "邵阳市",
	"code": "430500",
	"initial": "S"
}, {
	"id": "198",
	"provincecode": "440000",
	"city": "韶关市",
	"code": "440200",
	"initial": "S"
}, {
	"id": "199",
	"provincecode": "440000",
	"city": "深圳市",
	"code": "440300",
	"initial": "S"
}, {
	"id": "201",
	"provincecode": "440000",
	"city": "汕头市",
	"code": "440500",
	"initial": "S"
}, {
	"id": "209",
	"provincecode": "440000",
	"city": "汕尾市",
	"code": "441500",
	"initial": "S"
}, {
	"id": "233",
	"provincecode": "460000",
	"city": "三亚市",
	"code": "460200",
	"initial": "S"
}, {
	"id": "245",
	"provincecode": "510000",
	"city": "遂宁市",
	"code": "510900",
	"initial": "S"
}, {
	"id": "274",
	"provincecode": "530000",
	"city": "思茅市",
	"code": "530800",
	"initial": "S"
}, {
	"id": "286",
	"provincecode": "540000",
	"city": "山南地区",
	"code": "542200",
	"initial": "S"
}, {
	"id": "300",
	"provincecode": "610000",
	"city": "商洛市",
	"code": "611000",
	"initial": "S"
}, {
	"id": "324",
	"provincecode": "640000",
	"city": "石嘴山市",
	"code": "640200",
	"initial": "S"
}, {
	"id": "3",
	"provincecode": "130000",
	"city": "唐山市",
	"code": "130200",
	"initial": "T"
}, {
	"id": "13",
	"provincecode": "140000",
	"city": "太原市",
	"code": "140100",
	"initial": "T"
}, {
	"id": "28",
	"provincecode": "150000",
	"city": "通辽市",
	"code": "150500",
	"initial": "T"
}, {
	"id": "47",
	"provincecode": "210000",
	"city": "铁岭市",
	"code": "211200",
	"initial": "T"
}, {
	"id": "54",
	"provincecode": "220000",
	"city": "通化市",
	"code": "220500",
	"initial": "T"
}, {
	"id": "85",
	"provincecode": "320000",
	"city": "泰州市",
	"code": "321200",
	"initial": "T"
}, {
	"id": "96",
	"provincecode": "330000",
	"city": "台州市",
	"code": "331000",
	"initial": "T"
}, {
	"id": "104",
	"provincecode": "340000",
	"city": "铜陵市",
	"code": "340700",
	"initial": "T"
}, {
	"id": "143",
	"provincecode": "370000",
	"city": "泰安市",
	"code": "370900",
	"initial": "T"
}, {
	"id": "263",
	"provincecode": "520000",
	"city": "铜仁地区",
	"code": "522200",
	"initial": "T"
}, {
	"id": "292",
	"provincecode": "610000",
	"city": "铜川市",
	"code": "610200",
	"initial": "T"
}, {
	"id": "305",
	"provincecode": "620000",
	"city": "天水市",
	"code": "620500",
	"initial": "T"
}, {
	"id": "330",
	"provincecode": "650000",
	"city": "吐鲁番地区",
	"code": "652100",
	"initial": "T"
}, {
	"id": "340",
	"provincecode": "650000",
	"city": "塔城地区",
	"code": "654200",
	"initial": "T"
}, {
	"id": "343",
	"provincecode": "120000",
	"city": "天津市",
	"code": "120100",
	"initial": "T"
}, {
	"id": "26",
	"provincecode": "150000",
	"city": "乌海市",
	"code": "150300",
	"initial": "W"
}, {
	"id": "32",
	"provincecode": "150000",
	"city": "乌兰察布市",
	"code": "150900",
	"initial": "W"
}, {
	"id": "75",
	"provincecode": "320000",
	"city": "无锡市",
	"code": "320200",
	"initial": "W"
}, {
	"id": "89",
	"provincecode": "330000",
	"city": "温州市",
	"code": "330300",
	"initial": "W"
}, {
	"id": "99",
	"provincecode": "340000",
	"city": "芜湖市",
	"code": "340200",
	"initial": "W"
}, {
	"id": "141",
	"provincecode": "370000",
	"city": "潍坊市",
	"code": "370700",
	"initial": "W"
}, {
	"id": "144",
	"provincecode": "370000",
	"city": "威海市",
	"code": "371000",
	"initial": "W"
}, {
	"id": "169",
	"provincecode": "420000",
	"city": "武汉市",
	"code": "420100",
	"initial": "W"
}, {
	"id": "221",
	"provincecode": "450000",
	"city": "梧州市",
	"code": "450400",
	"initial": "W"
}, {
	"id": "278",
	"provincecode": "530000",
	"city": "文山壮族苗族自治州",
	"code": "532600",
	"initial": "W"
}, {
	"id": "295",
	"provincecode": "610000",
	"city": "渭南市",
	"code": "610500",
	"initial": "W"
}, {
	"id": "306",
	"provincecode": "620000",
	"city": "武威市",
	"code": "620600",
	"initial": "W"
}, {
	"id": "325",
	"provincecode": "640000",
	"city": "吴忠市",
	"code": "640300",
	"initial": "W"
}, {
	"id": "328",
	"provincecode": "650000",
	"city": "乌鲁木齐市",
	"code": "650100",
	"initial": "W"
}, {
	"id": "6",
	"provincecode": "130000",
	"city": "邢台市",
	"code": "130500",
	"initial": "X"
}, {
	"id": "21",
	"provincecode": "140000",
	"city": "忻州市",
	"code": "140900",
	"initial": "X"
}, {
	"id": "33",
	"provincecode": "150000",
	"city": "兴安盟",
	"code": "152200",
	"initial": "X"
}, {
	"id": "34",
	"provincecode": "150000",
	"city": "锡林郭勒盟",
	"code": "152500",
	"initial": "X"
}, {
	"id": "76",
	"provincecode": "320000",
	"city": "徐州市",
	"code": "320300",
	"initial": "X"
}, {
	"id": "114",
	"provincecode": "340000",
	"city": "宣城市",
	"code": "341800",
	"initial": "X"
}, {
	"id": "116",
	"provincecode": "350000",
	"city": "厦门市",
	"code": "350200",
	"initial": "X"
}, {
	"id": "128",
	"provincecode": "360000",
	"city": "新余市",
	"code": "360500",
	"initial": "X"
}, {
	"id": "158",
	"provincecode": "410000",
	"city": "新乡市",
	"code": "410700",
	"initial": "X"
}, {
	"id": "161",
	"provincecode": "410000",
	"city": "许昌市",
	"code": "411000",
	"initial": "X"
}, {
	"id": "166",
	"provincecode": "410000",
	"city": "信阳市",
	"code": "411500",
	"initial": "X"
}, {
	"id": "173",
	"provincecode": "420000",
	"city": "襄樊市",
	"code": "420600",
	"initial": "X"
}, {
	"id": "176",
	"provincecode": "420000",
	"city": "孝感市",
	"code": "420900",
	"initial": "X"
}, {
	"id": "179",
	"provincecode": "420000",
	"city": "咸宁市",
	"code": "421200",
	"initial": "X"
}, {
	"id": "185",
	"provincecode": "430000",
	"city": "湘潭市",
	"code": "430300",
	"initial": "X"
}, {
	"id": "196",
	"provincecode": "430000",
	"city": "湘西土家族苗族自治州",
	"code": "433100",
	"initial": "X"
}, {
	"id": "279",
	"provincecode": "530000",
	"city": "西双版纳傣族自治州",
	"code": "532800",
	"initial": "X"
}, {
	"id": "291",
	"provincecode": "610000",
	"city": "西安市",
	"code": "610100",
	"initial": "X"
}, {
	"id": "294",
	"provincecode": "610000",
	"city": "咸阳市",
	"code": "610400",
	"initial": "X"
}, {
	"id": "315",
	"provincecode": "630000",
	"city": "西宁市",
	"code": "630100",
	"initial": "X"
}, {
	"id": "15",
	"provincecode": "140000",
	"city": "阳泉市",
	"code": "140300",
	"initial": "Y"
}, {
	"id": "20",
	"provincecode": "140000",
	"city": "运城市",
	"code": "140800",
	"initial": "Y"
}, {
	"id": "43",
	"provincecode": "210000",
	"city": "营口市",
	"code": "210800",
	"initial": "Y"
}, {
	"id": "58",
	"provincecode": "220000",
	"city": "延边朝鲜族自治州",
	"code": "222400",
	"initial": "Y"
}, {
	"id": "65",
	"provincecode": "230000",
	"city": "伊春市",
	"code": "230700",
	"initial": "Y"
}, {
	"id": "82",
	"provincecode": "320000",
	"city": "盐城市",
	"code": "320900",
	"initial": "Y"
}, {
	"id": "83",
	"provincecode": "320000",
	"city": "扬州市",
	"code": "321000",
	"initial": "Y"
}, {
	"id": "129",
	"provincecode": "360000",
	"city": "鹰潭市",
	"code": "360600",
	"initial": "Y"
}, {
	"id": "132",
	"provincecode": "360000",
	"city": "宜春市",
	"code": "360900",
	"initial": "Y"
}, {
	"id": "140",
	"provincecode": "370000",
	"city": "烟台市",
	"code": "370600",
	"initial": "Y"
}, {
	"id": "172",
	"provincecode": "420000",
	"city": "宜昌市",
	"code": "420500",
	"initial": "Y"
}, {
	"id": "188",
	"provincecode": "430000",
	"city": "岳阳市",
	"code": "430600",
	"initial": "Y"
}, {
	"id": "191",
	"provincecode": "430000",
	"city": "益阳市",
	"code": "430900",
	"initial": "Y"
}, {
	"id": "193",
	"provincecode": "430000",
	"city": "永州市",
	"code": "431100",
	"initial": "Y"
}, {
	"id": "211",
	"provincecode": "440000",
	"city": "阳江市",
	"code": "441700",
	"initial": "Y"
}, {
	"id": "217",
	"provincecode": "440000",
	"city": "云浮市",
	"code": "445300",
	"initial": "Y"
}, {
	"id": "226",
	"provincecode": "450000",
	"city": "玉林市",
	"code": "450900",
	"initial": "Y"
}, {
	"id": "250",
	"provincecode": "510000",
	"city": "宜宾市",
	"code": "511500",
	"initial": "Y"
}, {
	"id": "253",
	"provincecode": "510000",
	"city": "雅安市",
	"code": "511800",
	"initial": "Y"
}, {
	"id": "270",
	"provincecode": "530000",
	"city": "玉溪市",
	"code": "530400",
	"initial": "Y"
}, {
	"id": "296",
	"provincecode": "610000",
	"city": "延安市",
	"code": "610600",
	"initial": "Y"
}, {
	"id": "298",
	"provincecode": "610000",
	"city": "榆林市",
	"code": "610800",
	"initial": "Y"
}, {
	"id": "321",
	"provincecode": "630000",
	"city": "玉树藏族自治州",
	"code": "632700",
	"initial": "Y"
}, {
	"id": "323",
	"provincecode": "640000",
	"city": "银川市",
	"code": "640100",
	"initial": "Y"
}, {
	"id": "339",
	"provincecode": "650000",
	"city": "伊犁哈萨克自治州",
	"code": "654000",
	"initial": "Y"
}, {
	"id": "8",
	"provincecode": "130000",
	"city": "张家口市",
	"code": "130700",
	"initial": "Z"
}, {
	"id": "84",
	"provincecode": "320000",
	"city": "镇江市",
	"code": "321100",
	"initial": "Z"
}, {
	"id": "95",
	"provincecode": "330000",
	"city": "舟山市",
	"code": "330900",
	"initial": "Z"
}, {
	"id": "120",
	"provincecode": "350000",
	"city": "漳州市",
	"code": "350600",
	"initial": "Z"
}, {
	"id": "137",
	"provincecode": "370000",
	"city": "淄博市",
	"code": "370300",
	"initial": "Z"
}, {
	"id": "138",
	"provincecode": "370000",
	"city": "枣庄市",
	"code": "370400",
	"initial": "Z"
}, {
	"id": "152",
	"provincecode": "410000",
	"city": "郑州市",
	"code": "410100",
	"initial": "Z"
}, {
	"id": "167",
	"provincecode": "410000",
	"city": "周口市",
	"code": "411600",
	"initial": "Z"
}, {
	"id": "168",
	"provincecode": "410000",
	"city": "驻马店市",
	"code": "411700",
	"initial": "Z"
}, {
	"id": "184",
	"provincecode": "430000",
	"city": "株洲市",
	"code": "430200",
	"initial": "Z"
}, {
	"id": "190",
	"provincecode": "430000",
	"city": "张家界市",
	"code": "430800",
	"initial": "Z"
}, {
	"id": "200",
	"provincecode": "440000",
	"city": "珠海市",
	"code": "440400",
	"initial": "Z"
}, {
	"id": "204",
	"provincecode": "440000",
	"city": "湛江市",
	"code": "440800",
	"initial": "Z"
}, {
	"id": "206",
	"provincecode": "440000",
	"city": "肇庆市",
	"code": "441200",
	"initial": "Z"
}, {
	"id": "214",
	"provincecode": "440000",
	"city": "中山市",
	"code": "442000",
	"initial": "Z"
}, {
	"id": "239",
	"provincecode": "510000",
	"city": "自贡市",
	"code": "510300",
	"initial": "Z"
}, {
	"id": "255",
	"provincecode": "510000",
	"city": "资阳市",
	"code": "512000",
	"initial": "Z"
}, {
	"id": "261",
	"provincecode": "520000",
	"city": "遵义市",
	"code": "520300",
	"initial": "Z"
}, {
	"id": "272",
	"provincecode": "530000",
	"city": "昭通市",
	"code": "530600",
	"initial": "Z"
}, {
	"id": "307",
	"provincecode": "620000",
	"city": "张掖市",
	"code": "620700",
	"initial": "Z"
}, {
	"id": "327",
	"provincecode": "640000",
	"city": "中卫市",
	"code": "640500",
	"initial": "Z"
}]