﻿{
	"data": [
		{
			"area_code": " 310000",
			"city_name": " 杭州",
			"city_initial": "H"
		},
		{
			"area_code": " 310000S",
			"city_name": " 浙江省直",
			"city_initial": " Z"
		},
		{
			"area_code": " 315000",
			"city_name": " 宁波",
			"city_initial": " H"
		},
		{
			"area_code": "200000",
			"city_name": "上海",
			"city_initial": " S"
		},
		{
			"area_code": " 100000",
			"city_name": " 北京",
			"city_initial": " B"
		},
		{
			"area_code": " 710000S",
			"city_name": " 陕西省直",
			"city_initial": " S"
		},
		{
			"area_code": " 450000S",
			"city_name": " 河南省直",
			"city_initial": " H"
		},
		{
			"area_code": " 130000S",
			"city_name": " 吉林省直",
			"city_initial": "J"
		},
		{
			"area_code": " 311500",
			"city_name": " 桐庐",
			"city_initial": "T"
		},
		{
			"area_code": " 313000",
			"city_name": " 湖州",
			"city_initial": "H"
		},
		{
			"area_code": " 322000",
			"city_name": " 义乌",
			"city_initial": "Y"
		},
		{
			"area_code": " 323000",
			"city_name": " 丽水",
			"city_initial": "L"
		},
		{
			"area_code": " 316000",
			"city_name": " 舟山",
			"city_initial": "Z"
		},
		{
			"area_code": " 315300",
			"city_name": " 慈溪",
			"city_initial": "C"
		},
		{
			"area_code": " 315600",
			"city_name": " 宁海",
			"city_initial": "N"
		},
		{
			"area_code": " 315400",
			"city_name": " 余姚",
			"city_initial": "Y"
		},
		{
			"area_code": " 250000",
			"city_name": " 济南",
			"city_initial": "J"
		},
		{
			"area_code": " 130000",
			"city_name": " 长春",
			"city_initial": "C"
		},
		{
			"area_code": " 526000",
			"city_name": " 肇庆",
			"city_initial": "Z"
		},
		{
			"area_code": " 230000",
			"city_name": " 合肥",
			"city_initial": "H"
		},
		{
			"area_code": " 210000",
			"city_name": " 南京",
			"city_initial": "N"
		},
		{
			"area_code": " 410000S",
			"city_name": " 湖南省直",
			"city_initial": "H"
		},
		{
			"area_code": " 257000",
			"city_name": " 东营",
			"city_initial": "D"
		},
		{
			"area_code": " 516000",
			"city_name": " 惠州",
			"city_initial": "H"
		},
		{
			"area_code": " 523000",
			"city_name": " 东莞",
			"city_initial": "D"
		},
		{
			"area_code": " 528000",
			"city_name": " 佛山",
			"city_initial": "F"
		},
		{
			"area_code": " 272000",
			"city_name": " 济宁",
			"city_initial": "J"
		},
		{
			"area_code": " 253000",
			"city_name": " 德州",
			"city_initial": "D"
		},
		{
			"area_code": " 252000",
			"city_name": " 聊城",
			"city_initial": "L"
		},
		{
			"area_code": " 271000",
			"city_name": " 泰安",
			"city_initial": "T"
		},
		{
			"area_code": " 400000",
			"city_name": " 重庆",
			"city_initial": "C"
		},
		{
			"area_code": " 550000",
			"city_name": " 贵阳",
			"city_initial": "G"
		},
		{
			"area_code": " 150000S",
			"city_name": " 黑龙江省直",
			"city_initial": "H"
		},
		{
			"area_code": " 810000S",
			"city_name": " 青海省直",
			"city_initial": "Q"
		},
		{
			"area_code": " 010000",
			"city_name": " 呼和浩特",
			"city_initial": "H"
		},
		{
			"area_code": " 226000",
			"city_name": " 南通",
			"city_initial": "N"
		},
		{
			"area_code": " 116000",
			"city_name": " 大连",
			"city_initial": "D"
		},
		{
			"area_code": " 629000",
			"city_name": " 遂宁",
			"city_initial": "S"
		},
		{
			"area_code": " 330000",
			"city_name": " 南昌",
			"city_initial": "N"
		},
		{
			"area_code": " 637000",
			"city_name": " 南充",
			"city_initial": "N"
		},
		{
			"area_code": " 225300",
			"city_name": " 泰州",
			"city_initial": "T"
		},
		{
			"area_code": " 266000",
			"city_name": " 青岛",
			"city_initial": "Q"
		},
		{
			"area_code": " 222000",
			"city_name": " 连云港",
			"city_initial": "L"
		},
		{
			"area_code": " 352000",
			"city_name": " 宁德",
			"city_initial": "N"
		},
		{
			"area_code": " 264000",
			"city_name": " 烟台",
			"city_initial": "Y"
		},
		{
			"area_code": " 239000",
			"city_name": " 滁州",
			"city_initial": "C"
		},
		{
			"area_code": " 071000",
			"city_name": " 保定",
			"city_initial": "B"
		},
		{
			"area_code": " 235000",
			"city_name": " 淮北",
			"city_initial": "H"
		},
		{
			"area_code": " 245000",
			"city_name": " 黄山",
			"city_initial": "H"
		},
		{
			"area_code": " 056000",
			"city_name": " 邯郸",
			"city_initial": "H"
		},
		{
			"area_code": " 066000",
			"city_name": " 秦皇岛",
			"city_initial": "Q"
		},
		{
			"area_code": " 336000",
			"city_name": " 宜春",
			"city_initial": "Y"
		},
		{
			"area_code": " 213000",
			"city_name": " 常州",
			"city_initial": "C"
		},
		{
			"area_code": " 225000",
			"city_name": " 扬州",
			"city_initial": "Y"
		},
		{
			"area_code": " 448000",
			"city_name": " 荆门",
			"city_initial": "J"
		},
		{
			"area_code": " 432000",
			"city_name": " 孝感",
			"city_initial": "X"
		},
		{
			"area_code": " 450000",
			"city_name": " 郑州",
			"city_initial": "Z"
		},
		{
			"area_code": " 221000",
			"city_name": " 徐州",
			"city_initial": "X"
		},
		{
			"area_code": " 277000",
			"city_name": " 枣庄",
			"city_initial": "Z"
		},
		{
			"area_code": " 214000",
			"city_name": " 无锡",
			"city_initial": "W"
		},
		{
			"area_code": " 261000",
			"city_name": " 潍坊",
			"city_initial": "W"
		},
		{
			"area_code": " 10000S",
			"city_name": " 国管",
			"city_initial": "G"
		},
		{
			"area_code": " 412000",
			"city_name": " 株洲",
			"city_initial": "Z"
		},
		{
			"area_code": " 422000",
			"city_name": " 邵阳",
			"city_initial": "S"
		},
		{
			"area_code": " 244000",
			"city_name": " 铜陵",
			"city_initial": "T"
		},
		{
			"area_code": " 726000",
			"city_name": " 商洛",
			"city_initial": "S"
		},
		{
			"area_code": " 276800",
			"city_name": " 日照",
			"city_initial": "R"
		},
		{
			"area_code": " 215000",
			"city_name": " 苏州",
			"city_initial": "S"
		},
		{
			"area_code": " 650000",
			"city_name": " 昆明",
			"city_initial": "K"
		},
		{
			"area_code": " 620010",
			"city_name": " 眉山",
			"city_initial": "M"
		},
		{
			"area_code": " 414000",
			"city_name": " 岳阳",
			"city_initial": "Y"
		},
		{
			"area_code": " 423000",
			"city_name": " 郴州",
			"city_initial": "C"
		},
		{
			"area_code": " GUANGZHOU510000",
			"city_name": " 广州",
			"city_initial": "G"
		},
		{
			"area_code": " SHENZHEN518000",
			"city_name": " 深圳",
			"city_initial": "S"
		},
		{
			"area_code": " 415000",
			"city_name": " 常德",
			"city_initial": "C"
		},
		{
			"area_code": " 417000",
			"city_name": " 娄底",
			"city_initial": "L"
		},
		{
			"area_code": " 246000",
			"city_name": " 安庆",
			"city_initial": "A"
		},
		{
			"area_code": " 223800",
			"city_name": " 宿迁",
			"city_initial": "S"
		},
		{
			"area_code": " 443000",
			"city_name": " 宜昌",
			"city_initial": "Y"
		},
		{
			"area_code": " 332000",
			"city_name": " 九江",
			"city_initial": "J"
		},
		{
			"area_code": " 610000",
			"city_name": " 成都",
			"city_initial": "C"
		},
		{
			"area_code": " 234000",
			"city_name": " 宿州",
			"city_initial": "S"
		},
		{
			"area_code": " 233000",
			"city_name": " 蚌埠",
			"city_initial": "B"
		},
		{
			"area_code": " 237000",
			"city_name": " 六安",
			"city_initial": "L"
		},
		{
			"area_code": " 232000",
			"city_name": " 淮南",
			"city_initial": "H"
		},
		{
			"area_code": " 350000",
			"city_name": " 福州",
			"city_initial": "F"
		},
		{
			"area_code": " 721000",
			"city_name": " 宝鸡",
			"city_initial": "B"
		},
		{
			"area_code": " 461000",
			"city_name": " 许昌",
			"city_initial": "X"
		},
		{
			"area_code": " 471000TL",
			"city_name": " 洛阳铁路",
			"city_initial": "L"
		},
		{
			"area_code": " 236800",
			"city_name": " 亳州",
			"city_initial": "H"
		},
		{
			"area_code": " 529000",
			"city_name": " 江门",
			"city_initial": "J"
		},
		{
			"area_code": " 353000",
			"city_name": " 南平",
			"city_initial": "N"
		},
		{
			"area_code": " 364000",
			"city_name": " 龙岩",
			"city_initial": "L"
		},
		{
			"area_code": " 610000S",
			"city_name": " 四川省直",
			"city_initial": "S"
		},
		{
			"area_code": " 646000",
			"city_name": " 泸州",
			"city_initial": "L"
		},
		{
			"area_code": " 617000",
			"city_name": " 攀枝花",
			"city_initial": "P"
		},
		{
			"area_code": " 514021",
			"city_name": " 梅州",
			"city_initial": "M"
		},
		{
			"area_code": " 644000",
			"city_name": " 宜宾",
			"city_initial": "Y"
		},
		{
			"area_code": " 223001",
			"city_name": " 淮安",
			"city_initial": "H"
		},
		{
			"area_code": " 719000",
			"city_name": " 榆林",
			"city_initial": "Y"
		},
		{
			"area_code": " 030000S",
			"city_name": " 山西省省级机关住房",
			"city_initial": "S"
		},
		{
			"area_code": " 037000",
			"city_name": " 大同",
			"city_initial": "D"
		},
		{
			"area_code": " 046000",
			"city_name": " 长治",
			"city_initial": "C"
		},
		{
			"area_code": " 044000",
			"city_name": " 运城",
			"city_initial": "Y"
		},
		{
			"area_code": " 435000",
			"city_name": " 黄石",
			"city_initial": "H"
		},
		{
			"area_code": " 442000",
			"city_name": " 十堰",
			"city_initial": "S"
		},
		{
			"area_code": " 438000",
			"city_name": " 黄冈",
			"city_initial": "H"
		},
		{
			"area_code": " 425000",
			"city_name": " 永州",
			"city_initial": "Y"
		},
		{
			"area_code": " 411100",
			"city_name": " 湘潭",
			"city_initial": "X"
		},
		{
			"area_code": " 341000",
			"city_name": " 赣州",
			"city_initial": "G"
		},
		{
			"area_code": " 334000",
			"city_name": " 上饶",
			"city_initial": "S"
		},
		{
			"area_code": " 455000",
			"city_name": " 安阳",
			"city_initial": "A"
		},
		{
			"area_code": " 476000",
			"city_name": " 商丘",
			"city_initial": "S"
		},
		{
			"area_code": " 466000",
			"city_name": " 周口",
			"city_initial": "Z"
		},
		{
			"area_code": " 163000",
			"city_name": " 大庆",
			"city_initial": "D"
		},
		{
			"area_code": " 117000",
			"city_name": " 本溪",
			"city_initial": "B"
		},
		{
			"area_code": " 014000",
			"city_name": " 包头",
			"city_initial": "B"
		},
		{
			"area_code": " 021000",
			"city_name": " 呼伦贝尔",
			"city_initial": "H"
		},
		{
			"area_code": " 541000",
			"city_name": " 桂林",
			"city_initial": "G"
		},
		{
			"area_code": " 050000",
			"city_name": " 石家庄",
			"city_initial": "S"
		},
		{
			"area_code": " 063000",
			"city_name": " 唐山",
			"city_initial": "T"
		},
		{
			"area_code": " 050000S",
			"city_name": " 河北省直",
			"city_initial": "H"
		},
		{
			"area_code": " 361000",
			"city_name": " 厦门",
			"city_initial": "X"
		},
		{
			"area_code": " 710000",
			"city_name": " 西安",
			"city_initial": "X"
		},
		{
			"area_code": " 212000",
			"city_name": " 镇江",
			"city_initial": "Z"
		},
		{
			"area_code": " 528400",
			"city_name": " 中山",
			"city_initial": "Z"
		},
		{
			"area_code": " 810000",
			"city_name": " 西宁",
			"city_initial": "X"
		},
		{
			"area_code": " 638500",
			"city_name": " 广安",
			"city_initial": "G"
		},
		{
			"area_code": " 628000",
			"city_name": " 广元",
			"city_initial": "G"
		},
		{
			"area_code": " 635000",
			"city_name": " 达州",
			"city_initial": "D"
		},
		{
			"area_code": " 636600",
			"city_name": " 巴中",
			"city_initial": "B"
		},
		{
			"area_code": " 045000",
			"city_name": " 阳泉",
			"city_initial": "Y"
		},
		{
			"area_code": " 436000",
			"city_name": " 鄂州",
			"city_initial": "E"
		},
		{
			"area_code": " 113006",
			"city_name": " 抚顺",
			"city_initial": "F"
		},
		{
			"area_code": " 118000",
			"city_name": " 丹东",
			"city_initial": "D"
		},
		{
			"area_code": " 124000",
			"city_name": " 盘锦",
			"city_initial": "P"
		},
		{
			"area_code": " 112000",
			"city_name": " 铁岭",
			"city_initial": "T"
		},
		{
			"area_code": " 122000",
			"city_name": " 朝阳",
			"city_initial": "C"
		},
		{
			"area_code": " 655000",
			"city_name": " 曲靖",
			"city_initial": "Q"
		},
		{
			"area_code": " 653100",
			"city_name": " 玉溪",
			"city_initial": "Y"
		},
		{
			"area_code": " 678000",
			"city_name": " 保山",
			"city_initial": "B"
		},
		{
			"area_code": " 674100",
			"city_name": " 丽江",
			"city_initial": "L"
		},
		{
			"area_code": " 010000S",
			"city_name": " 内蒙古",
			"city_initial": "N"
		},
		{
			"area_code": " 530000",
			"city_name": " 南宁",
			"city_initial": "N"
		},
		{
			"area_code": " 545000",
			"city_name": " 柳州",
			"city_initial": "L"
		},
		{
			"area_code": " 543000",
			"city_name": " 梧州",
			"city_initial": "W"
		},
		{
			"area_code": " 536000",
			"city_name": " 北海",
			"city_initial": "B"
		},
		{
			"area_code": " 538000",
			"city_name": " 防城港",
			"city_initial": "F"
		},
		{
			"area_code": " 535000",
			"city_name": " 钦州",
			"city_initial": "Q"
		},
		{
			"area_code": " 537100",
			"city_name": " 贵港",
			"city_initial": "G"
		},
		{
			"area_code": " 542800",
			"city_name": " 贺州",
			"city_initial": "H"
		},
		{
			"area_code": " 136200",
			"city_name": " 辽源",
			"city_initial": "L"
		},
		{
			"area_code": " 134000",
			"city_name": " 通化",
			"city_initial": "T"
		},
		{
			"area_code": " 134300",
			"city_name": " 白山",
			"city_initial": "B"
		},
		{
			"area_code": " 133000",
			"city_name": " 延边",
			"city_initial": "Y"
		},
		{
			"area_code": " 136000",
			"city_name": " 四平",
			"city_initial": "S"
		},
		{
			"area_code": " 138000",
			"city_name": " 松原",
			"city_initial": "S"
		},
		{
			"area_code": " 061000",
			"city_name": " 沧州",
			"city_initial": "C"
		},
		{
			"area_code": " 053000",
			"city_name": " 衡水",
			"city_initial": "H"
		},
		{
			"area_code": " 453000",
			"city_name": " 新乡",
			"city_initial": "X"
		},
		{
			"area_code": " 454150",
			"city_name": " 焦作",
			"city_initial": "J"
		},
		{
			"area_code": " 457000",
			"city_name": " 濮阳",
			"city_initial": "P"
		},
		{
			"area_code": " 462000",
			"city_name": " 漯河",
			"city_initial": "L"
		},
		{
			"area_code": " 410000",
			"city_name": " 长沙",
			"city_initial": "C"
		},
		{
			"area_code": " 224000",
			"city_name": " 盐城",
			"city_initial": "Y"
		},
		{
			"area_code": " 625000",
			"city_name": " 雅安",
			"city_initial": "Y"
		},
		{
			"area_code": " 413000",
			"city_name": " 益阳",
			"city_initial": "Y"
		},
		{
			"area_code": " 330000S",
			"city_name": " 江西省直",
			"city_initial": "J"
		},
		{
			"area_code": " 344000",
			"city_name": " 抚州",
			"city_initial": "F"
		},
		{
			"area_code": " 337000",
			"city_name": " 萍乡",
			"city_initial": "P"
		},
		{
			"area_code": " 338000",
			"city_name": " 新余",
			"city_initial": "X"
		},
		{
			"area_code": " 161000",
			"city_name": " 齐齐哈尔",
			"city_initial": "Q"
		},
		{
			"area_code": " 553000",
			"city_name": " 六盘水",
			"city_initial": "L"
		},
		{
			"area_code": " 561000",
			"city_name": " 安顺",
			"city_initial": "A"
		},
		{
			"area_code": " 048000",
			"city_name": " 晋城",
			"city_initial": "J"
		},
		{
			"area_code": " 274000",
			"city_name": " 菏泽",
			"city_initial": "H"
		},
		{
			"area_code": " 271100",
			"city_name": " 莱芜",
			"city_initial": "L"
		},
		{
			"area_code": " 624000",
			"city_name": " 阿坝州",
			"city_initial": "A"
		},
		{
			"area_code": " 615000",
			"city_name": " 凉山",
			"city_initial": "L"
		},
		{
			"area_code": " 641300",
			"city_name": " 资阳",
			"city_initial": "Z"
		},
		{
			"area_code": " 715400",
			"city_name": " 韩城",
			"city_initial": "H"
		},
		{
			"area_code": " 343000",
			"city_name": " 吉安",
			"city_initial": "J"
		},
		{
			"area_code": " 114021",
			"city_name": " 鞍钢集团",
			"city_initial": "A"
		},
		{
			"area_code": " 028000",
			"city_name": " 通辽",
			"city_initial": "L"
		},
		{
			"area_code": " 137400",
			"city_name": " 兴安盟",
			"city_initial": "X"
		},
		{
			"area_code": " 454650",
			"city_name": " 济源",
			"city_initial": "J"
		},
		{
			"area_code": " 445000",
			"city_name": " 恩施",
			"city_initial": "E"
		},
		{
			"area_code": " 430000",
			"city_name": " 武汉",
			"city_initial": "W"
		},
		{
			"area_code": " 442400",
			"city_name": " 神农架",
			"city_initial": "S"
		},
		{
			"area_code": " 433001",
			"city_name": " 仙桃",
			"city_initial": "X"
		},
		{
			"area_code": " 443500",
			"city_name": " 长阳",
			"city_initial": "C"
		},
		{
			"area_code": " 442001",
			"city_name": " 东风公司",
			"city_initial": "D"
		},
		{
			"area_code": " 225200",
			"city_name": " 江都",
			"city_initial": "J"
		},
		{
			"area_code": " 675000",
			"city_name": " 楚雄",
			"city_initial": "C"
		},
		{
			"area_code": " 678400",
			"city_name": " 德宏",
			"city_initial": "D"
		},
		{
			"area_code": " 671000",
			"city_name": " 大理",
			"city_initial": "D"
		},
		{
			"area_code": " 661400",
			"city_name": " 红河",
			"city_initial": "H"
		},
		{
			"area_code": " 654800",
			"city_name": " 普洱",
			"city_initial": "P"
		},
		{
			"area_code": " 663000",
			"city_name": " 文山",
			"city_initial": "W"
		},
		{
			"area_code": " 657000",
			"city_name": " 昭通",
			"city_initial": "S"
		},
		{
			"area_code": " 365000",
			"city_name": " 三明",
			"city_initial": "S"
		},
		{
			"area_code": " 363000",
			"city_name": " 漳州",
			"city_initial": "Z"
		},
		{
			"area_code": " 521000",
			"city_name": " 潮州",
			"city_initial": "C"
		},
		{
			"area_code": " 530000S",
			"city_name": " 广西区直",
			"city_initial": "G"
		},
		{
			"area_code": " 537000",
			"city_name": " 玉林",
			"city_initial": "Y"
		},
		{
			"area_code": " 730900",
			"city_name": " 白银",
			"city_initial": "B"
		},
		{
			"area_code": " 735000",
			"city_name": " 酒泉",
			"city_initial": "J"
		},
		{
			"area_code": " 735100",
			"city_name": " 嘉峪关",
			"city_initial": "J"
		},
		{
			"area_code": " 741000",
			"city_name": " 天水",
			"city_initial": "T"
		},
		{
			"area_code": " 734000",
			"city_name": " 张掖",
			"city_initial": "Z"
		},
		{
			"area_code": " 115000",
			"city_name": " 营口",
			"city_initial": "Y"
		},
		{
			"area_code": " 255000",
			"city_name": " 淄博",
			"city_initial": "Z"
		},
		{
			"area_code": " 835000",
			"city_name": " 伊犁",
			"city_initial": "Y"
		},
		{
			"area_code": " 712000",
			"city_name": " 咸阳",
			"city_initial": "X"
		},
		{
			"area_code": " 054000",
			"city_name": " 邢台",
			"city_initial": "X"
		},
		{
			"area_code": " 441000",
			"city_name": " 襄阳",
			"city_initial": "X"
		},
		{
			"area_code": " 437000",
			"city_name": " 咸宁",
			"city_initial": "X"
		},
		{
			"area_code": " 264200",
			"city_name": " 威海",
			"city_initial": "W"
		},
		{
			"area_code": " 714000",
			"city_name": " 渭南",
			"city_initial": "W"
		},
		{
			"area_code": " 016000",
			"city_name": " 乌海",
			"city_initial": "W"
		},
		{
			"area_code": " 238000",
			"city_name": " 巢湖",
			"city_initial": "C"
		},
		{
			"area_code": " 677000",
			"city_name": " 临沧",
			"city_initial": "L"
		},
		{
			"area_code": " 673100",
			"city_name": " 怒江",
			"city_initial": "N"
		},
		{
			"area_code": " 666100",
			"city_name": " 西双版纳",
			"city_initial": "X"
		},
		{
			"area_code": " 723000",
			"city_name": " 汉中",
			"city_initial": "H"
		},
		{
			"area_code": " 725000",
			"city_name": " 安康",
			"city_initial": "A"
		},
		{
			"area_code": " 843000",
			"city_name": " 阿克苏",
			"city_initial": "A"
		},
		{
			"area_code": " 833400",
			"city_name": " 博州",
			"city_initial": "B"
		},
		{
			"area_code": " 831100",
			"city_name": " 昌吉",
			"city_initial": "C"
		},
		{
			"area_code": " 324200",
			"city_name": " 常山",
			"city_initial": "C"
		},
		{
			"area_code": " 247100",
			"city_name": " 池州",
			"city_initial": "C"
		},
		{
			"area_code": " 350000S",
			"city_name": " 福建省直",
			"city_initial": "F"
		},
		{
			"area_code": " 315500",
			"city_name": " 奉化",
			"city_initial": "F"
		},
		{
			"area_code": " 547000",
			"city_name": " 河池",
			"city_initial": "H"
		},
		{
			"area_code": " 154100",
			"city_name": " 鹤岗",
			"city_initial": "H"
		},
		{
			"area_code": " 456400",
			"city_name": " 滑县",
			"city_initial": "H"
		},
		{
			"area_code": " 210000S",
			"city_name": " 江苏省直",
			"city_initial": "J"
		},
		{
			"area_code": " 132000",
			"city_name": " 吉林",
			"city_initial": "J"
		},
		{
			"area_code": " 556000",
			"city_name": " 黔东南",
			"city_initial": "Q"
		},
		{
			"area_code": " 834000",
			"city_name": " 克拉玛依",
			"city_initial": "K"
		},
		{
			"area_code": " 558000",
			"city_name": " 黔南",
			"city_initial": "Q"
		},
		{
			"area_code": " 471000",
			"city_name": " 洛阳",
			"city_initial": "L"
		},
		{
			"area_code": " 155100",
			"city_name": " 双鸭山",
			"city_initial": "S"
		},
		{
			"area_code": " 546100",
			"city_name": " 来宾",
			"city_initial": "L"
		},
		{
			"area_code": " 110000S",
			"city_name": " 辽宁省直",
			"city_initial": "L"
		},
		{
			"area_code": " 438600",
			"city_name": " 黄冈罗田",
			"city_initial": "H"
		},
		{
			"area_code": " 276000",
			"city_name": " 临沂",
			"city_initial": "L"
		},
		{
			"area_code": " 530000Q",
			"city_name": " 南宁区直",
			"city_initial": "N"
		},
		{
			"area_code": " 030002",
			"city_name": " 山西焦煤集团",
			"city_initial": "S"
		},
		{
			"area_code": " 744000",
			"city_name": " 平凉",
			"city_initial": "P"
		},
		{
			"area_code": " 448201",
			"city_name": " 沙洋监狱",
			"city_initial": "S"
		},
		{
			"area_code": " 150000N",
			"city_name": " 黑龙江农垦总局",
			"city_initial": "H"
		},
		{
			"area_code": " 215164",
			"city_name": " 苏州工业园区",
			"city_initial": "S"
		},
		{
			"area_code": " 530000T",
			"city_name": " 南宁铁路",
			"city_initial": "N"
		},
		{
			"area_code": " 834700",
			"city_name": " 塔城",
			"city_initial": "T"
		},
		{
			"area_code": " 214400",
			"city_name": " 江阴",
			"city_initial": "J"
		},
		{
			"area_code": " 727000",
			"city_name": " 铜川",
			"city_initial": "T"
		},
		{
			"area_code": " 310025",
			"city_name": " 浙江政务服务网",
			"city_initial": "Z"
		},
		{
			"area_code": " 621000",
			"city_name": " 绵阳",
			"city_initial": "M"
		},
		{
			"area_code": " 641000",
			"city_name": " 内江",
			"city_initial": "N"
		},
		{
			"area_code": " 430050",
			"city_name": " 江汉油田",
			"city_initial": "J"
		},
		{
			"area_code": " 325000",
			"city_name": " 温州",
			"city_initial": "W"
		},
		{
			"area_code": " 323001",
			"city_name": " 丽水浙江政务网",
			"city_initial": "L"
		},
		{
			"area_code": " 316001",
			"city_name": " 舟山浙江政务网",
			"city_initial": "Z"
		},
		{
			"area_code": " 750000S",
			"city_name": " 宁夏",
			"city_initial": "N"
		},
		{
			"area_code": " 321001",
			"city_name": " 金华",
			"city_initial": "J"
		},
		{
			"area_code": " 315001",
			"city_name": " 宁波浙江政务网",
			"city_initial": "N"
		},
		{
			"area_code": " 325001",
			"city_name": " 温州浙江政务网",
			"city_initial": "W"
		},
		{
			"area_code": " 318001",
			"city_name": " 台州浙江政务网",
			"city_initial": "T"
		},
		{
			"area_code": " 313001",
			"city_name": " 湖州浙江政务网",
			"city_initial": "H"
		},
		{
			"area_code": " 324001",
			"city_name": " 衢州浙江政务网",
			"city_initial": "Q"
		},
		{
			"area_code": " 215600",
			"city_name": " 张家港",
			"city_initial": "Z"
		},
		{
			"area_code": " 523001",
			"city_name": " 东莞快速查询入口",
			"city_initial": "D"
		},
		{
			"area_code": " 323900",
			"city_name": " 青田",
			"city_initial": "Q"
		},
		{
			"area_code": " 317000",
			"city_name": " 临海",
			"city_initial": "L"
		},
		{
			"area_code": " 753000",
			"city_name": " 石嘴山住房",
			"city_initial": "S"
		},
		{
			"area_code": " 811300",
			"city_name": " 黄南州",
			"city_initial": "H"
		},
		{
			"area_code": " 810699",
			"city_name": " 海东市",
			"city_initial": "H"
		},
		{
			"area_code": " 317100",
			"city_name": " 三门",
			"city_initial": "S"
		},
		{
			"area_code": " 317200",
			"city_name": " 天台",
			"city_initial": "T"
		},
		{
			"area_code": " 525000",
			"city_name": " 茂名",
			"city_initial": "M"
		},
		{
			"area_code": " 316200",
			"city_name": " 岱山",
			"city_initial": "D"
		},
		{
			"area_code": " 812200",
			"city_name": " 海北州",
			"city_initial": "H"
		},
		{
			"area_code": " 317300",
			"city_name": " 仙居",
			"city_initial": "X"
		},
		{
			"area_code": " 529700",
			"city_name": " 鹤山",
			"city_initial": "H"
		},
		{
			"area_code": " 474150",
			"city_name": " 邓州",
			"city_initial": "D"
		},
		{
			"area_code": " 733000",
			"city_name": " 武威",
			"city_initial": "W"
		},
		{
			"area_code": " 747000S",
			"city_name": " 甘肃省",
			"city_initial": "G"
		},
		{
			"area_code": " 233600",
			"city_name": " 涡阳",
			"city_initial": "W"
		},
		{
			"area_code": " 755000",
			"city_name": " 中卫住房",
			"city_initial": "Z"
		},
		{
			"area_code": " 317500",
			"city_name": " 温岭",
			"city_initial": "W"
		},
		{
			"area_code": " 674400",
			"city_name": " 迪庆州",
			"city_initial": "D"
		},
		{
			"area_code": " 233500",
			"city_name": " 蒙城",
			"city_initial": "M"
		},
		{
			"area_code": " 325100",
			"city_name": " 永嘉",
			"city_initial": "Y"
		},
		{
			"area_code": " 450000T",
			"city_name": " 郑州铁路",
			"city_initial": "Z"
		},
		{
			"area_code": " 317600",
			"city_name": " 玉环",
			"city_initial": "Y"
		},
		{
			"area_code": " 556001",
			"city_name": " 凯里",
			"city_initial": "K"
		},
		{
			"area_code": " 814000",
			"city_name": " 果洛州",
			"city_initial": "G"
		},
		{
			"area_code": " 315301",
			"city_name": " 慈溪浙江政务网",
			"city_initial": "C"
		},
		{
			"area_code": " 324000",
			"city_name": " 衢州",
			"city_initial": "Q"
		},
		{
			"area_code": " 312000",
			"city_name": " 绍兴",
			"city_initial": "S"
		},
		{
			"area_code": " 813000",
			"city_name": " 海南州",
			"city_initial": "H"
		},
		{
			"area_code": " 256600",
			"city_name": " 滨州",
			"city_initial": "B"
		},
		{
			"area_code": " 325200",
			"city_name": " 瑞安",
			"city_initial": "R"
		},
		{
			"area_code": " 315401",
			"city_name": " 余姚浙江政务网",
			"city_initial": "Y"
		},
		{
			"area_code": " 313100",
			"city_name": " 长兴",
			"city_initial": "C"
		},
		{
			"area_code": " 324100",
			"city_name": " 江山",
			"city_initial": "J"
		},
		{
			"area_code": " 815000",
			"city_name": " 玉树州",
			"city_initial": "Y"
		},
		{
			"area_code": " 315601",
			"city_name": " 宁海浙江政务网",
			"city_initial": "N"
		},
		{
			"area_code": " 325300",
			"city_name": " 文成",
			"city_initial": "W"
		},
		{
			"area_code": " 350506",
			"city_name": " 贵安",
			"city_initial": "G"
		},
		{
			"area_code": " 313200",
			"city_name": " 德清",
			"city_initial": "D"
		},
		{
			"area_code": " 315501",
			"city_name": " 奉化浙江政务网",
			"city_initial": "F"
		},
		{
			"area_code": " 324201",
			"city_name": " 常山浙江政务网",
			"city_initial": "C"
		},
		{
			"area_code": " 322001",
			"city_name": " 义乌浙江政务网",
			"city_initial": "Y"
		},
		{
			"area_code": " 315700",
			"city_name": " 象山",
			"city_initial": "X"
		},
		{
			"area_code": " 325400",
			"city_name": " 平阳",
			"city_initial": "P"
		},
		{
			"area_code": " 350400",
			"city_name": " 平潭综合实验区",
			"city_initial": "P"
		},
		{
			"area_code": " 313300",
			"city_name": " 安吉",
			"city_initial": "A"
		},
		{
			"area_code": " 236700",
			"city_name": " 利辛",
			"city_initial": "L"
		},
		{
			"area_code": " 152000",
			"city_name": " 绥化",
			"city_initial": "S"
		},
		{
			"area_code": " 324300",
			"city_name": " 开化",
			"city_initial": "K"
		},
		{
			"area_code": " 322100",
			"city_name": " 东阳",
			"city_initial": "D"
		},
		{
			"area_code": " 532200",
			"city_name": " 崇左",
			"city_initial": "C"
		},
		{
			"area_code": " 325500",
			"city_name": " 泰顺",
			"city_initial": "T"
		},
		{
			"area_code": " 325600",
			"city_name": " 乐清",
			"city_initial": "L"
		},
		{
			"area_code": " 839000",
			"city_name": " 哈密",
			"city_initial": "H"
		},
		{
			"area_code": " 324400",
			"city_name": " 龙游",
			"city_initial": "L"
		},
		{
			"area_code": " 756000",
			"city_name": " 固原住房",
			"city_initial": "G"
		},
		{
			"area_code": " 336600",
			"city_name": " 分宜",
			"city_initial": "F"
		},
		{
			"area_code": " 311300",
			"city_name": " 临安",
			"city_initial": "L"
		},
		{
			"area_code": " 321101",
			"city_name": " 兰溪",
			"city_initial": "L"
		},
		{
			"area_code": " 323400",
			"city_name": " 松阳",
			"city_initial": "S"
		},
		{
			"area_code": " 323300",
			"city_name": " 遂昌",
			"city_initial": "S"
		},
		{
			"area_code": " 325700",
			"city_name": " 洞头",
			"city_initial": "D"
		},
		{
			"area_code": " 816000",
			"city_name": " 格尔木",
			"city_initial": "G"
		},
		{
			"area_code": " 312400",
			"city_name": " 嵊州浙江政务网",
			"city_initial": "S"
		},
		{
			"area_code": " 322201",
			"city_name": " 浦江",
			"city_initial": "P"
		},
		{
			"area_code": " 750001",
			"city_name": " 银川住房",
			"city_initial": "Y"
		},
		{
			"area_code": " 323500",
			"city_name": " 景宁",
			"city_initial": "J"
		},
		{
			"area_code": " 321200",
			"city_name": " 武义",
			"city_initial": "W"
		},
		{
			"area_code": " 325800",
			"city_name": " 苍南",
			"city_initial": "C"
		},
		{
			"area_code": " 751100",
			"city_name": " 吴忠住房",
			"city_initial": "W"
		},
		{
			"area_code": " 529400",
			"city_name": " 恩平",
			"city_initial": "E"
		},
		{
			"area_code": " 322301",
			"city_name": " 磐安",
			"city_initial": "P"
		},
		{
			"area_code": " 817000",
			"city_name": " 海西州",
			"city_initial": "H"
		},
		{
			"area_code": " 311501",
			"city_name": " 桐庐浙江政务网",
			"city_initial": "T"
		},
		{
			"area_code": " 323600",
			"city_name": " 云和",
			"city_initial": "Y"
		},
		{
			"area_code": " 321300",
			"city_name": " 永康",
			"city_initial": "Y"
		},
		{
			"area_code": " 318000",
			"city_name": " 台州",
			"city_initial": "T"
		},
		{
			"area_code": " 816099",
			"city_name": " 青海油田",
			"city_initial": "Q"
		},
		{
			"area_code": " 311601",
			"city_name": " 建德",
			"city_initial": "J"
		},
		{
			"area_code": " 202450",
			"city_name": " 嵊泗",
			"city_initial": "S"
		},
		{
			"area_code": " 323700",
			"city_name": " 龙泉",
			"city_initial": "L"
		},
		{
			"area_code": " 529200",
			"city_name": " 台山",
			"city_initial": "T"
		},
		{
			"area_code": " 311701",
			"city_name": " 淳安",
			"city_initial": "C"
		},
		{
			"area_code": " 323800",
			"city_name": " 庆元",
			"city_initial": "Q"
		},
		{
			"area_code": " 529300",
			"city_name": " 开平",
			"city_initial": "K"
		},
		{
			"area_code": " 036000",
			"city_name": " 朔州",
			"city_initial": "S"
		},
		{
			"area_code": " 362000",
			"city_name": " 泉州",
			"city_initial": "Q"
		},
		{
			"area_code": " 215200",
			"city_name": " 吴江",
			"city_initial": "W"
		},
		{
			"area_code": " 614000",
			"city_name": " 乐山",
			"city_initial": "L"
		},
		{
			"area_code": " 563000",
			"city_name": " 遵义",
			"city_initial": "Z"
		},
		{
			"area_code": " 618000",
			"city_name": " 德阳",
			"city_initial": "D"
		},
		{
			"area_code": " 511500",
			"city_name": " 清远",
			"city_initial": "Q"
		},
		{
			"area_code": " 311800",
			"city_name": " 诸暨",
			"city_initial": "Z"
		},
		{
			"area_code": " 314000",
			"city_name": " 嘉兴",
			"city_initial": "J"
		},
		{
			"area_code": " 241001",
			"city_name": " 芜湖（易户网）",
			"city_initial": "W"
		},
		{
			"area_code": " 312301",
			"city_name": " 上虞",
			"city_initial": "S"
		},
		{
			"area_code": " 312401",
			"city_name": " 嵊州",
			"city_initial": "S"
		},
		{
			"area_code": " 312501",
			"city_name": " 新昌",
			"city_initial": "X"
		},
		{
			"area_code": " 110001",
			"city_name": " 沈阳住房",
			"city_initial": "S"
		},
		{
			"area_code": " 236000",
			"city_name": " 阜阳",
			"city_initial": "F"
		},
		{
			"area_code": " 530001",
			"city_name": " 南宁住房",
			"city_initial": "N"
		},
		{
			"area_code": " 421000",
			"city_name": " 衡阳",
			"city_initial": "H"
		},
		{
			"area_code": " 325002",
			"city_name": " 温州网上办事",
			"city_initial": "W"
		},
		{
			"area_code": " 570000S",
			"city_name": " 海南省",
			"city_initial": "H"
		},
		{
			"area_code": " 246001",
			"city_name": " 安庆安徽政务网",
			"city_initial": "A"
		},
		{
			"area_code": " 533000",
			"city_name": " 百色",
			"city_initial": "B"
		},
		{
			"area_code": " 830000S",
			"city_name": " 新疆网上大厅",
			"city_initial": "X"
		},
		{
			"area_code": " 467000",
			"city_name": " 平顶山",
			"city_initial": "P"
		},
		{
			"area_code": " 272100",
			"city_name": " 兖州",
			"city_initial": "Y"
		},
		{
			"area_code": " 137401",
			"city_name": " 乌兰浩特",
			"city_initial": "W"
		},
		{
			"area_code": " 133001",
			"city_name": " 延吉",
			"city_initial": "Y"
		},
		{
			"area_code": " 570100",
			"city_name": " 海口",
			"city_initial": "H"
		},
		{
			"area_code": " 615001",
			"city_name": " 西昌",
			"city_initial": "X"
		},
		{
			"area_code": " 572000",
			"city_name": " 三亚",
			"city_initial": "S"
		},
		{
			"area_code": " 836500",
			"city_name": " 阿勒泰",
			"city_initial": "A"
		},
		{
			"area_code": " 845350",
			"city_name": " 克州",
			"city_initial": "K"
		},
		{
			"area_code": " 844000",
			"city_name": " 喀什",
			"city_initial": "K"
		},
		{
			"area_code": " 848000",
			"city_name": " 和田",
			"city_initial": "H"
		},
		{
			"area_code": " 838000",
			"city_name": " 吐鲁番",
			"city_initial": "T"
		},
		{
			"area_code": " 830001",
			"city_name": " 乌鲁木齐",
			"city_initial": "W"
		},
		{
			"area_code": " 158100",
			"city_name": " 鸡西",
			"city_initial": "J"
		},
		{
			"area_code": " 735101",
			"city_name": " 酒钢集团",
			"city_initial": "J"
		},
		{
			"area_code": " 731100",
			"city_name": " 临夏州",
			"city_initial": "L"
		},
		{
			"area_code": " 556002",
			"city_name": " 黔东南自助查询平台",
			"city_initial": "Q"
		},
		{
			"area_code": " 10001S",
			"city_name": " 国管中心",
			"city_initial": "G"
		},
		{
			"area_code": " 714001",
			"city_name": " 渭南市直",
			"city_initial": "W"
		},
		{
			"area_code": " 551700",
			"city_name": " 毕节",
			"city_initial": "B"
		}
	]
}