﻿{"data":[{
	"area_code": " 133700",
	"city_name": " 敦化",
	"city_initial": "D"
},


	{
		"area_code": " 131400",
		"city_name": " 乾安县",
		"city_initial": "Q"
	},

	{
		"area_code": " 314400",
		"city_name": " 海宁",
		"city_initial": "H"
	},

	{
		"area_code": " 650000",
		"city_name": " 昆明",
		"city_initial": "K"
	},

	{
		"area_code": " 363000",
		"city_name": " 漳州",
		"city_initial": "Z"

	},

	{
		"area_code": " 111000",
		"city_name": " 辽阳",
		"city_initial": "L"
	},

	{
		"area_code": " 243000",
		"city_name": " 马鞍山",
		"city_initial": "M"
	},

	{
		"area_code": " 266000",
		"city_name": " 青岛",
		"city_initial": "Q"
	},

	{
		"area_code": " 134000",
		"city_name": " 通化",
		"city_initial": "T"
	},

	{
		"area_code": " 541000",
		"city_name": " 桂林",
		"city_initial": "G"
	},


	{
		"area_code": " 472000",
		"city_name": " 三门峡",
		"city_initial": "S"
	},

	{
		"area_code": " 644000",
		"city_name": " 宜宾",
		"city_initial": "Y"
	},

	{
		"area_code": " 535000",
		"city_name": " 钦州",
		"city_initial": "Q"
	},


	{
		"area_code": " 048000",
		"city_name": " 晋城",
		"city_initial": "J"
	}, {
		"area_code": " 132500",
		"city_name": " 蛟河",
		"city_initial": "J"
	},

	{
		"area_code": " 214000",
		"city_name": " 无锡",
		"city_initial": "W"
	},

	{
		"area_code": " 620010",
		"city_name": " 眉山",
		"city_initial": "M"
	},

	{
		"area_code": " 352000",
		"city_name": " 宁德",
		"city_initial": "N"
	},

	{
		"area_code": " 122000",
		"city_name": " 朝阳",
		"city_initial": "C"
	},

	{
		"area_code": " 461000",
		"city_name": " 许昌",
		"city_initial": "X"
	},

	{
		"area_code": " 554300",
		"city_name": " 铜仁",
		"city_initial": "T"
	},

	{
		"area_code": " 315500",
		"city_name": " 奉化",
		"city_initial": "F"
	},

	{
		"area_code": " 277000",
		"city_name": " 枣庄",
		"city_initial": "Z"
	},

	{
		"area_code": " 443000",
		"city_name": " 宜昌",
		"city_initial": "Y"
	},

	{
		"area_code": " 1330001",
		"city_name": " 延吉",
		"city_initial": "Y"
	},

	{
		"area_code": " 225000",
		"city_name": " 扬州",
		"city_initial": "Y"
	},

	{
		"area_code": " 334000",
		"city_name": " 上饶",
		"city_initial": "S"
	},

	{
		"area_code": " 655000",
		"city_name": " 曲靖",
		"city_initial": "Q"
	},

	{
		"area_code": " 116000",
		"city_name": " 大连",
		"city_initial": "L"
	}, {
		"area_code": " 551700",
		"city_name": " 毕节",
		"city_initial": "B"
	},

	{
		"area_code": " 137400",
		"city_name": " 兴安盟",
		"city_initial": "X"
	}, {
		"area_code": " 674100",
		"city_name": " 丽江",
		"city_initial": "L"
	}, {
		"area_code": " 712000",
		"city_name": " 咸阳",
		"city_initial": "X"
	},

	{
		"area_code": " 437000",
		"city_name": " 咸宁",
		"city_initial": "X"
	}, {
		"area_code": " 133600",
		"city_name": " 安图县",
		"city_initial": "A"
	},


	{
		"area_code": " 322000",
		"city_name": " 义乌",
		"city_initial": "Y"
	},

	{
		"area_code": " 242000",
		"city_name": " 宣城",
		"city_initial": "X"
	},

	{
		"area_code": " 110000",
		"city_name": " 沈阳",
		"city_initial": "S"
	}, {
		"area_code": " 614000",
		"city_name": " 乐山四川人社",
		"city_initial": "L"
	},

	{
		"area_code": " 131300",
		"city_name": " 大安",
		"city_initial": "D"
	},


	{
		"area_code": " 364000",
		"city_name": " 龙岩",
		"city_initial": "L"
	},

	{
		"area_code": " 053000",
		"city_name": " 衡水",
		"city_initial": "H"
	},

	{
		"area_code": " 316000",
		"city_name": " 舟山",
		"city_initial": "Z"
	},

	{
		"area_code": " 030000",
		"city_name": " 太原",
		"city_initial": "T"
	},


	{
		"area_code": " 421000",
		"city_name": " 衡阳",
		"city_initial": "H"
	},


	{
		"area_code": " 014000",
		"city_name": " 包头",
		"city_initial": "B"
	},

	{
		"area_code": " 721300",
		"city_name": " 宝鸡陈仓区",
		"city_initial": "B"
	},


	{
		"area_code": " 438000",
		"city_name": " 黄冈",
		"city_initial": "H"
	},

	{
		"area_code": " 271000",
		"city_name": " 泰安",
		"city_initial": "T"
	},


	{
		"area_code": " 226000",
		"city_name": " 南通",
		"city_initial": "N"
	},

	{
		"area_code": " 136200",
		"city_name": " 辽源",
		"city_initial": "L"
	},

	{
		"area_code": " 673100",
		"city_name": " 怒江",
		"city_initial": "N"
	},

	{
		"area_code": " 528000",
		"city_name": " 佛山",
		"city_initial": "F"
	},

	{
		"area_code": " 415000",
		"city_name": " 常德",
		"city_initial": "C"
	},

	{
		"area_code": " 237000",
		"city_name": " 六安",
		"city_initial": "L"
	},

	{
		"area_code": " 512000",
		"city_name": " 韶关",
		"city_initial": "S"
	},

	{
		"area_code": " 730000",
		"city_name": " 兰州",
		"city_initial": "L"
	},


	{
		"area_code": " 132400",
		"city_name": " 桦甸",
		"city_initial": "H"
	},

	{
		"area_code": " 625000",
		"city_name": " 雅安",
		"city_initial": "Y"
	},

	{
		"area_code": " 163000",
		"city_name": " 大庆",
		"city_initial": "D"
	},

	{
		"area_code": " 036000",
		"city_name": " 朔州",
		"city_initial": "S"
	},

	{
		"area_code": " 315600",
		"city_name": " 宁海",
		"city_initial": "N"
	},

	{
		"area_code": " 310025",
		"city_name": " 浙江省",
		"city_initial": "Z"
	},

	{
		"area_code": " 523000",
		"city_name": " 东莞",
		"city_initial": "D"
	},

	{
		"area_code": " 276800",
		"city_name": " 日照",
		"city_initial": "R"
	},

	{
		"area_code": " 121000",
		"city_name": " 锦州",
		"city_initial": "J"
	},

	{
		"area_code": " 353000",
		"city_name": " 南平",
		"city_initial": "N"
	},

	{
		"area_code": " 710000S",
		"city_name": " 陕西",
		"city_initial": "S"
	},

	{
		"area_code": " 012600",
		"city_name": " 二连浩特",
		"city_initial": "E"
	},

	{
		"area_code": " 410000",
		"city_name": " 长沙湖南人社",
		"city_initial": "C"
	},

	{
		"area_code": " 135000",
		"city_name": " 梅河口",
		"city_initial": "M"
	},

	{
		"area_code": " 678000",
		"city_name": " 保山",
		"city_initial": "B"
	},

	{
		"area_code": " 433100",
		"city_name": " 潜江",
		"city_initial": "Q"
	}, {
		"area_code": " 536000",
		"city_name": " 北海",
		"city_initial": "B"
	},

	{
		"area_code": " 542800",
		"city_name": " 贺州",
		"city_initial": "H"
	},

	{
		"area_code": " 133100",
		"city_name": " 图们",
		"city_initial": "T"
	},

	{
		"area_code": " 215000",
		"city_name": " 苏州",
		"city_initial": "S"
	},

	{
		"area_code": " 012000",
		"city_name": " 乌兰察布",
		"city_initial": "W"
	},

	{
		"area_code": " 310000",
		"city_name": " 杭州",
		"city_initial": "H"
	},

	{
		"area_code": " 442000",
		"city_name": " 十堰",
		"city_initial": "S"
	},

	{
		"area_code": " 250000",
		"city_name": " 济南",
		"city_initial": "J"
	}, {
		"area_code": " 654400",
		"city_name": " 红河",
		"city_initial": "H"
	},

	{
		"area_code": " 436000",
		"city_name": " 鄂州",
		"city_initial": "E"
	},

	{
		"area_code": " 413000",
		"city_name": " 益阳",
		"city_initial": "Y"
	},


	{
		"area_code": " 138000",
		"city_name": " 松原",
		"city_initial": "S"
	},

	{
		"area_code": " 843000",
		"city_name": " 阿克苏",
		"city_initial": "A"
	},

	{
		"area_code": " 453000",
		"city_name": " 新乡",
		"city_initial": "X"
	},

	{
		"area_code": " 537100",
		"city_name": " 贵港",
		"city_initial": "G"
	},

	{
		"area_code": " 344000",
		"city_name": " 抚州",
		"city_initial": "F"
	},

	{
		"area_code": " 134200",
		"city_name": " 集安",
		"city_initial": "J"
	},

	{
		"area_code": " 210000",
		"city_name": " 南京",
		"city_initial": "N"
	},

	{
		"area_code": " 021400",
		"city_name": " 满洲里",
		"city_initial": "M"
	},


	{
		"area_code": " 365000",
		"city_name": " 三明",
		"city_initial": "S"
	},

	{
		"area_code": " 518000",
		"city_name": " 深圳",
		"city_initial": "S"
	},

	{
		"area_code": " 161000",
		"city_name": " 齐齐哈尔",
		"city_initial": "Q"
	}, {
		"area_code": " 017000",
		"city_name": " 鄂尔多斯",
		"city_initial": "E"
	},

	{
		"area_code": " 527300",
		"city_name": " 云浮",
		"city_initial": "Y"
	},

	{
		"area_code": " 716000",
		"city_name": " 延安",
		"city_initial": "Y"
	},

	{
		"area_code": " 525000",
		"city_name": " 茂名",
		"city_initial": "M"
	},

	{
		"area_code": " 628000",
		"city_name": " 广元",
		"city_initial": "G"
	},

	{
		"area_code": " 221000",
		"city_name": " 徐州",
		"city_initial": "X"
	},

	{
		"area_code": " 471000",
		"city_name": " 洛阳",
		"city_initial": "L"
	}, {
		"area_code": " 112000",
		"city_name": " 铁岭",
		"city_initial": "T"
	},

	{
		"area_code": " 735100",
		"city_name": " 嘉峪关",
		"city_initial": "J"
	},

	{
		"area_code": " 150000",
		"city_name": " 哈尔滨",
		"city_initial": "H"
	},

	{
		"area_code": " 133000",
		"city_name": " 延边",
		"city_initial": "Y"
	},

	{
		"area_code": " 041000",
		"city_name": " 临汾",
		"city_initial": "L"
	},

	{
		"area_code": " 024000",
		"city_name": " 赤峰",
		"city_initial": "C"
	},


	{
		"area_code": " 618000",
		"city_name": " 德阳",
		"city_initial": "D"
	},

	{
		"area_code": " 404100",
		"city_name": " 重庆",
		"city_initial": "C"
	},

	{
		"area_code": " 261000",
		"city_name": " 潍坊",
		"city_initial": "W"
	},

	{
		"area_code": " 131500",
		"city_name": " 长岭县",
		"city_initial": "C"
	}, {
		"area_code": " 135300",
		"city_name": " 柳河县",
		"city_initial": "L"
	},

	{
		"area_code": " 624000",
		"city_name": " 阿坝州",
		"city_initial": "A"
	},

	{
		"area_code": " 100000",
		"city_name": " 北京",
		"city_initial": "B"
	},


	{
		"area_code": " 530000",
		"city_name": " 南宁",
		"city_initial": "N"
	},

	{
		"area_code": " 448000",
		"city_name": " 荆门",
		"city_initial": "J"
	},

	{
		"area_code": " 723000",
		"city_name": " 汉中",
		"city_initial": "H"
	},

	{
		"area_code": " 255000",
		"city_name": " 淄博",
		"city_initial": "Z"
	},

	{
		"area_code": " 123000",
		"city_name": " 阜新",
		"city_initial": "F"
	},

	{
		"area_code": " 425000",
		"city_name": " 永州",
		"city_initial": "Y"
	},

	{
		"area_code": " 553000",
		"city_name": " 六盘水",
		"city_initial": "L"
	},

	{
		"area_code": " 519000",
		"city_name": " 珠海",
		"city_initial": "Z"
	},

	{
		"area_code": " 117000",
		"city_name": " 本溪",
		"city_initial": "B"
	},

	{
		"area_code": " 524000",
		"city_name": " 湛江",
		"city_initial": "Z"
	},

	{
		"area_code": " 222000",
		"city_name": " 连云港",
		"city_initial": "L"
	},

	{
		"area_code": " 030000S",
		"city_name": " 山西省",
		"city_initial": "S"
	},

	{
		"area_code": " 476000",
		"city_name": " 商丘",
		"city_initial": "S"
	},

	{
		"area_code": " 646000",
		"city_name": " 泸州",
		"city_initial": "L"
	},

	{
		"area_code": " 132600",
		"city_name": " 舒兰",
		"city_initial": "S"
	},

	{
		"area_code": " 233000",
		"city_name": " 蚌埠",
		"city_initial": "B"
	},

	{
		"area_code": " 663000",
		"city_name": " 文山",
		"city_initial": "W"
	},

	{
		"area_code": " 315000",
		"city_name": " 宁波",
		"city_initial": "N"
	},

	{
		"area_code": " 850000",
		"city_name": " 拉萨",
		"city_initial": "L"
	},


	{
		"area_code": " 558000",
		"city_name": " 黔南",
		"city_initial": "Q"
	},

	{
		"area_code": " 570100",
		"city_name": " 海口",
		"city_initial": "H"
	},

	{
		"area_code": " 657000",
		"city_name": " 昭通",
		"city_initial": "S"
	},

	{
		"area_code": " 272000",
		"city_name": " 济宁",
		"city_initial": "J"
	},

	{
		"area_code": " 638500",
		"city_name": " 广安",
		"city_initial": "G"
	},

	{
		"area_code": " 244000",
		"city_name": " 铜陵",
		"city_initial": "T"
	},

	{
		"area_code": " 511500",
		"city_name": " 清远",
		"city_initial": "Q"
	},

	{
		"area_code": " 135200",
		"city_name": " 靖宇县",
		"city_initial": "J"
	},

	{
		"area_code": " 414000",
		"city_name": " 岳阳",
		"city_initial": "Y"
	},

	{
		"area_code": " 561000",
		"city_name": " 安顺",
		"city_initial": "A"
	},

	{
		"area_code": " 045000",
		"city_name": " 阳泉",
		"city_initial": "Y"
	},

	{
		"area_code": " 234000",
		"city_name": " 宿州",
		"city_initial": "S"
	},

	{
		"area_code": " 641000",
		"city_name": " 内江",
		"city_initial": "N"
	},

	{
		"area_code": " 343000",
		"city_name": " 吉安",
		"city_initial": "J"
	},

	{
		"area_code": " 133300",
		"city_name": " 珲春",
		"city_initial": "H"
	},

	{
		"area_code": " 314000",
		"city_name": " 嘉兴",
		"city_initial": "J"
	},

	{
		"area_code": " 721000",
		"city_name": " 宝鸡",
		"city_initial": "B"
	},

	{
		"area_code": " 830002",
		"city_name": " 新疆建设兵团",
		"city_initial": "X"
	},

	{
		"area_code": " 257000",
		"city_name": " 东营",
		"city_initial": "D"
	},

	{
		"area_code": " 125000",
		"city_name": " 葫芦岛",
		"city_initial": "H"
	},

	{
		"area_code": " 016000",
		"city_name": " 乌海",
		"city_initial": "W"
	},

	{
		"area_code": " 423000",
		"city_name": " 郴州",
		"city_initial": "C"
	},

	{
		"area_code": " 629000",
		"city_name": " 遂宁",
		"city_initial": "S"
	},

	{
		"area_code": " 635000",
		"city_name": " 达州",
		"city_initial": "D"
	},

	{
		"area_code": " 526000",
		"city_name": " 肇庆",
		"city_initial": "Z"
	},

	{
		"area_code": " 417000",
		"city_name": " 娄底",
		"city_initial": "L"
	},


	{
		"area_code": " 264200",
		"city_name": " 威海",
		"city_initial": "W"
	},

	{
		"area_code": " 726000",
		"city_name": " 商洛",
		"city_initial": "S"
	},

	{
		"area_code": " 239000",
		"city_name": " 滁州",
		"city_initial": "C"
	},

	{
		"area_code": " 113006",
		"city_name": " 抚顺",
		"city_initial": "F"
	},

	{
		"area_code": " 617000",
		"city_name": " 攀枝花",
		"city_initial": "P"
	},

	{
		"area_code": " 134400",
		"city_name": " 长白县",
		"city_initial": "C"
	},

	{
		"area_code": " 010000",
		"city_name": " 呼和浩特",
		"city_initial": "H"
	},

	{
		"area_code": " 312500",
		"city_name": " 新昌",
		"city_initial": "X"
	},

	{
		"area_code": " 034000",
		"city_name": " 忻州",
		"city_initial": "X"
	},

	{
		"area_code": " 274000",
		"city_name": " 菏泽",
		"city_initial": "H"
	},

	{
		"area_code": " 200000",
		"city_name": " 上海",
		"city_initial": "S"
	},

	{
		"area_code": " 246000",
		"city_name": " 安庆",
		"city_initial": "A"
	},

	{
		"area_code": " 653100",
		"city_name": " 玉溪",
		"city_initial": "Y"
	},

	{
		"area_code": " 028000",
		"city_name": " 通辽",
		"city_initial": "T"
	},

	{
		"area_code": " 137000",
		"city_name": " 白城",
		"city_initial": "B"
	},

	{
		"area_code": " 412000",
		"city_name": " 株洲",
		"city_initial": "Z"
	}, {
		"area_code": " 727000",
		"city_name": " 铜川",
		"city_initial": "T"
	},


	{
		"area_code": " 133200",
		"city_name": " 汪清县",
		"city_initial": "W"
	},

	{
		"area_code": " 650000S",
		"city_name": " 云南省本级",
		"city_initial": "Y"
	},

	{
		"area_code": " 314100",
		"city_name": " 嘉善",
		"city_initial": "J"
	},

	{
		"area_code": " 463000",
		"city_name": " 驻马店",
		"city_initial": "Z"
	},

	{
		"area_code": " 056000",
		"city_name": " 邯郸",
		"city_initial": "H"
	},

	{
		"area_code": " 361000",
		"city_name": " 厦门",
		"city_initial": "X"
	},

	{
		"area_code": " 675000",
		"city_name": " 楚雄",
		"city_initial": "C"
	},

	{
		"area_code": " 543000",
		"city_name": " 梧州",
		"city_initial": "W"
	},

	{
		"area_code": " 245000",
		"city_name": " 黄山",
		"city_initial": "H"
	},

	{
		"area_code": " 457000",
		"city_name": " 濮阳",
		"city_initial": "P"
	},

	{
		"area_code": " 044000",
		"city_name": " 运城",
		"city_initial": "Y"
	},

	{
		"area_code": " 212000",
		"city_name": " 镇江",
		"city_initial": "Z"
	},

	{
		"area_code": " 134300",
		"city_name": " 白山",
		"city_initial": "B"
	},

	{
		"area_code": " 550000S",
		"city_name": " 贵州省",
		"city_initial": "G"
	},

	{
		"area_code": " 350000",
		"city_name": " 福州",
		"city_initial": "F"
	},

	{
		"area_code": " 124000",
		"city_name": " 盘锦",
		"city_initial": "P"
	}, {
		"area_code": " 854000",
		"city_name": " 昌都",
		"city_initial": "C"
	},

	{
		"area_code": " 537000",
		"city_name": " 玉林",
		"city_initial": "Y"
	},

	{
		"area_code": " 050000",
		"city_name": " 石家庄",
		"city_initial": "S"
	}, {
		"area_code": " 033000",
		"city_name": " 吕梁",
		"city_initial": "L"
	},

	{
		"area_code": " 441000",
		"city_name": " 襄阳",
		"city_initial": "X"
	}, {
		"area_code": " 118000",
		"city_name": " 丹东",
		"city_initial": "D"

	},

	{
		"area_code": " 223001",
		"city_name": " 淮安",
		"city_initial": "H"
	},

	{
		"area_code": " 225300",
		"city_name": " 泰州",
		"city_initial": "T"
	},

	{
		"area_code": " 435000",
		"city_name": " 黄石",
		"city_initial": "H"
	},


	{
		"area_code": " 710000",
		"city_name": " 西安",
		"city_initial": "X"
	},

	{
		"area_code": " 678400",
		"city_name": " 德宏",
		"city_initial": "D"
	},

	{
		"area_code": " 418000",
		"city_name": " 怀化",
		"city_initial": "H"
	},

	{
		"area_code": " 133500",
		"city_name": " 和龙",
		"city_initial": "H"
	}, {
		"area_code": " 131200",
		"city_name": " 扶余县",
		"city_initial": "F"
	},

	{
		"area_code": " 427000",
		"city_name": " 张家界",
		"city_initial": "Z"
	}, {
		"area_code": " 674400",
		"city_name": " 迪庆",
		"city_initial": "D"
	},

	{
		"area_code": " 725000",
		"city_name": " 安康",
		"city_initial": "A"
	},

	{
		"area_code": " SECURITY_TIANJIN_300000",
		"city_name": " 天津",
		"city_initial": "T"
	},

	{
		"area_code": " 351100",
		"city_name": " 莆田",
		"city_initial": "P"
	},

	{
		"area_code": " 462000",
		"city_name": " 漯河",
		"city_initial": "L"
	},


	{
		"area_code": " 666100",
		"city_name": " 西双版纳",
		"city_initial": "X"
	},

	{
		"area_code": " 330000",
		"city_name": " 南昌",
		"city_initial": "N"
	}, {
		"area_code": " 276000",
		"city_name": " 临沂",
		"city_initial": "L"
	},

	{
		"area_code": " 522000",
		"city_name": " 揭阳",
		"city_initial": "J"
	},

	{
		"area_code": " 115000",
		"city_name": " 营口",
		"city_initial": "Y"
	},

	{
		"area_code": " 271100",
		"city_name": " 莱芜",
		"city_initial": "W"
	},

	{
		"area_code": " 719000",
		"city_name": " 榆林",
		"city_initial": "Y"
	},


	{
		"area_code": " 224000",
		"city_name": " 盐城",
		"city_initial": "Y"
	},


	{
		"area_code": " 136100",
		"city_name": " 公主岭",
		"city_initial": "G"
	},

	{
		"area_code": " 411101",
		"city_name": " 湘潭",
		"city_initial": "X"
	},


	{
		"area_code": " 545000",
		"city_name": " 柳州",
		"city_initial": "L"
	},

	{
		"area_code": " 677000",
		"city_name": " 临沧",
		"city_initial": "L"
	},

	{
		"area_code": " 130000",
		"city_name": " 长春",
		"city_initial": "C"
	},

	{
		"area_code": " 132300",
		"city_name": " 磐石",
		"city_initial": "P"
	},

	{
		"area_code": " 021000",
		"city_name": " 呼伦贝尔",
		"city_initial": "H"
	},


	{
		"area_code": " 264000",
		"city_name": " 烟台",
		"city_initial": "Y"
	},

	{
		"area_code": " 510000",
		"city_name": " 广州",
		"city_initial": "G"
	},

	{
		"area_code": " 235000",
		"city_name": " 淮北",
		"city_initial": "H"
	},

	{
		"area_code": " 422000",
		"city_name": " 邵阳",
		"city_initial": "S"
	},

	{
		"area_code": " 313000",
		"city_name": " 湖州",
		"city_initial": "H"
	},


	{
		"area_code": " 665000",
		"city_name": " 普洱",
		"city_initial": "P"
	},

	{
		"area_code": " 556000",
		"city_name": " 黔东南",
		"city_initial": "Q"
	},

	{
		"area_code": " 416000",
		"city_name": " 湘西",
		"city_initial": "X"
	},

	{
		"area_code": " 253000",
		"city_name": " 德州",
		"city_initial": "D"
	},


	{
		"area_code": " 362000",
		"city_name": " 泉州",
		"city_initial": "Q"
	},

	{
		"area_code": " 137200",
		"city_name": " 通榆县",
		"city_initial": "T"
	},

	{
		"area_code": " 341000",
		"city_name": " 赣州",
		"city_initial": "G"
	},

	{
		"area_code": " 066000",
		"city_name": " 秦皇岛",
		"city_initial": "Q"
	},

	{
		"area_code": " 324000",
		"city_name": " 衢州",
		"city_initial": "G"
	}, {
		"area_code": " 450000",
		"city_name": " 郑州",
		"city_initial": "Z"
	},

	{
		"area_code": " 433000",
		"city_name": " 仙桃",
		"city_initial": "X"
	},

	{
		"area_code": " 215300",
		"city_name": " 昆山",
		"city_initial": "K"
	},


	{
		"area_code": " 213000",
		"city_name": " 常州",
		"city_initial": "C"
	},

	{
		"area_code": " 236000",
		"city_name": " 阜阳",
		"city_initial": "P"
	},

	{
		"area_code": " 643000",
		"city_name": " 自贡",
		"city_initial": "Z"
	},

	{
		"area_code": " 030600",
		"city_name": " 晋中",
		"city_initial": "J"
	},

	{
		"area_code": " 037000",
		"city_name": " 大同",
		"city_initial": "D"
	}, {
		"area_code": " 550003",
		"city_name": " 贵安新区",
		"city_initial": "G"
	},

	{
		"area_code": " 550000",
		"city_name": " 贵阳",
		"city_initial": "G"
	},

	{
		"area_code": " 443500",
		"city_name": " 长阳",
		"city_initial": "C"
	},

	{
		"area_code": " 247100",
		"city_name": " 池州",
		"city_initial": "C"
	},

	{
		"area_code": " 610000",
		"city_name": " 成都",
		"city_initial": "C"
	},

	{
		"area_code": " 256600",
		"city_name": " 滨州",
		"city_initial": "B"
	},

	{
		"area_code": " 467000",
		"city_name": " 平顶山",
		"city_initial": "P"
	},

	{
		"area_code": " 434000",
		"city_name": " 荆州",
		"city_initial": "Z"
	},

	{
		"area_code": " 637000",
		"city_name": " 南充",
		"city_initial": "N"
	},


	{
		"area_code": " 136000",
		"city_name": " 四平",
		"city_initial": "S"
	},

	{
		"area_code": " 671000",
		"city_name": " 大理",
		"city_initial": "D"
	},


	{
		"area_code": " 621000",
		"city_name": " 绵阳",
		"city_initial": "M"
	},

	{
		"area_code": " 241000",
		"city_name": " 芜湖",
		"city_initial": "W"
	},

	{
		"area_code": " 134500",
		"city_name": " 抚松县",
		"city_initial": "S"
	},


	{
		"area_code": " 445000",
		"city_name": " 恩施",
		"city_initial": "E"
	},


	{
		"area_code": " 054000",
		"city_name": " 邢台",
		"city_initial": "X"
	},

	{
		"area_code": " 516000",
		"city_name": " 惠州",
		"city_initial": "H"
	},

	{
		"area_code": " 130700",
		"city_name": " 伊通县",
		"city_initial": "Y"
	}, {
		"area_code": " 572000",
		"city_name": " 三亚",
		"city_initial": "S"
	},

	{
		"area_code": " 015000",
		"city_name": " 巴彦淖尔",
		"city_initial": "B"
	},

	{
		"area_code": " 636600",
		"city_name": " 巴中",
		"city_initial": "B"
	}, {
		"area_code": " 714000",
		"city_name": " 渭南",
		"city_initial": "W"
	},

	{
		"area_code": " 230000",
		"city_name": " 合肥",
		"city_initial": "H"
	}, {
		"area_code": " 137100",
		"city_name": " 洮南",
		"city_initial": "Z"
	},

	{
		"area_code": " 750300",
		"city_name": " 阿拉善盟",
		"city_initial": "A"
	},

	{
		"area_code": " 026000",
		"city_name": " 锡林郭勒盟",
		"city_initial": "X"
	},

	{
		"area_code": " 626000",
		"city_name": " 甘孜州",
		"city_initial": "G"
	},

	{
		"area_code": " 528400",
		"city_name": " 中山",
		"city_initial": "Z"
	},

	{
		"area_code": " 430000",
		"city_name": " 武汉",
		"city_initial": "W"
	},

	{
		"area_code": " 455000",
		"city_name": " 安阳",
		"city_initial": "A"
	},

	{
		"area_code": " 130000S",
		"city_name": " 吉林省社保网上经办",
		"city_initial": "J"
	},

	{
		"area_code": " 448001",
		"city_name": " 荆门市民网",
		"city_initial": "J"
	},

	{
		"area_code": " 213300",
		"city_name": " 溧阳",
		"city_initial": "S"
	},

	{
		"area_code": " 215164",
		"city_name": " 苏州工业园区",
		"city_initial": "S"
	},

	{
		"area_code": " 475000",
		"city_name": " 开封",
		"city_initial": "K"
	},

	{
		"area_code": " 213200",
		"city_name": " 常州金坛",
		"city_initial": "C"
	},

	{
		"area_code": " 213100",
		"city_name": " 常州武进",
		"city_initial": "C"
	},

	{
		"area_code": " 215400",
		"city_name": " 太仓",
		"city_initial": "T"
	}, {
		"area_code": " 214200",
		"city_name": " 宜兴",
		"city_initial": "Y"
	}, {
		"area_code": " 312030",
		"city_name": " 柯桥",
		"city_initial": "K"
	},

	{
		"area_code": " 473000",
		"city_name": " 河南省社保服务网",
		"city_initial": "H"
	},

	{
		"area_code": " 546101",
		"city_name": " 来宾广西人社入口",
		"city_initial": "L"
	},

	{
		"area_code": " 547001",
		"city_name": " 河池",
		"city_initial": "H"
	},

	{
		"area_code": " 835000",
		"city_name": " 伊犁",
		"city_initial": "Y"
	},

	{
		"area_code": " 215600",
		"city_name": " 张家港",
		"city_initial": "Z"
	}, {
		"area_code": " 215200",
		"city_name": " 吴江",
		"city_initial": "W"
	},

	{
		"area_code": " 316001",
		"city_name": " 舟山浙江政务网",
		"city_initial": "Z"
	},


	{
		"area_code": " 315001",
		"city_name": " 宁波浙江政务网",
		"city_initial": "N"
	},


	{
		"area_code": " 314001",
		"city_name": " 嘉兴浙江政务网",
		"city_initial": "J"
	},


	{
		"area_code": " 325001",
		"city_name": " 温州",
		"city_initial": "W"
	},


	{
		"area_code": " 313001",
		"city_name": " 湖州浙江政务网",
		"city_initial": "H"
	},


	{
		"area_code": " 312001",
		"city_name": " 绍兴浙江政务网",
		"city_initial": "S"
	},


	{
		"area_code": " 323001",
		"city_name": " 丽水",
		"city_initial": "L"
	},


	{
		"area_code": " 310001",
		"city_name": " 杭州浙江政务网",
		"city_initial": "H"
	},


	{
		"area_code": " 321001",
		"city_name": " 金华",
		"city_initial": "J"
	},

	{
		"area_code": " 410000S",
		"city_name": " 湖南省",
		"city_initial": "H"
	},

	{
		"area_code": " 458000",
		"city_name": " 鹤壁",
		"city_initial": "H"
	},

	{
		"area_code": " 318001",
		"city_name": " 台州",
		"city_initial": "T"
	},

	{
		"area_code": " 610000S",
		"city_name": " 四川省人社办事大厅",
		"city_initial": "S"
	}, {
		"area_code": " 311801",
		"city_name": " 诸暨浙江政务网",
		"city_initial": "Z"
	}, {
		"area_code": " 317001",
		"city_name": " 临海",
		"city_initial": "L"
	},


	{
		"area_code": " 342400",
		"city_name": " 兴国",
		"city_initial": "X"
	},


	{
		"area_code": " 650001",
		"city_name": " 昆明社保个人经办",
		"city_initial": "K"
	},

	{
		"area_code": " 317101",
		"city_name": " 三门",
		"city_initial": "S"
	},

	{
		"area_code": " 341300",
		"city_name": " 崇义",
		"city_initial": "C"
	},


	{
		"area_code": " 342500",
		"city_name": " 瑞金",
		"city_initial": "R"
	},

	{
		"area_code": " 317201",
		"city_name": " 天台",
		"city_initial": "T"
	},

	{
		"area_code": " 342600",
		"city_name": " 会昌",
		"city_initial": "H"
	},

	{
		"area_code": " 317301",
		"city_name": " 仙居",
		"city_initial": "X"
	},

	{
		"area_code": " 341500",
		"city_name": " 大余",
		"city_initial": "D"
	},

	{
		"area_code": " 342700",
		"city_name": " 石城",
		"city_initial": "S"
	},

	{
		"area_code": " 314101",
		"city_name": " 嘉善浙江政务网",
		"city_initial": "J"
	},

	{
		"area_code": " 317501",
		"city_name": " 温岭",
		"city_initial": "W"
	},

	{
		"area_code": " 341700",
		"city_name": " 龙南",
		"city_initial": "L"
	},

	{
		"area_code": " 314201",
		"city_name": " 平湖",
		"city_initial": "P"
	},

	{
		"area_code": " 325101",
		"city_name": " 永嘉",
		"city_initial": "Y"
	},

	{
		"area_code": " 317601",
		"city_name": " 玉环浙江政务网",
		"city_initial": "Y"
	},

	{
		"area_code": " 315301",
		"city_name": " 慈溪",
		"city_initial": "C"
	},

	{
		"area_code": " 314300",
		"city_name": " 海盐",
		"city_initial": "H"
	},


	{
		"area_code": " 325201",
		"city_name": " 瑞安",
		"city_initial": "R"
	},


	{
		"area_code": " 313101",
		"city_name": " 长兴",
		"city_initial": "C"
	},


	{
		"area_code": " 341900",
		"city_name": " 定南",
		"city_initial": "D"
	},

	{
		"area_code": " 314401",
		"city_name": " 海宁浙江政务网",
		"city_initial": "H"
	},

	{
		"area_code": " 315601",
		"city_name": " 宁海浙江政务网",
		"city_initial": "N"
	}, {
		"area_code": " 325301",
		"city_name": " 文成",
		"city_initial": "W"
	},

	{
		"area_code": " 313200",
		"city_name": " 德清",
		"city_initial": "D"
	},

	{
		"area_code": " 116001",
		"city_name": " 大连人社",
		"city_initial": "D"
	},

	{
		"area_code": " 322001",
		"city_name": " 义乌浙江政务网",
		"city_initial": "Y"
	},

	{
		"area_code": " 315700",
		"city_name": " 象山",
		"city_initial": "X"
	},

	{
		"area_code": " 325401",
		"city_name": " 平阳",
		"city_initial": "P"
	},

	{
		"area_code": " 325501",
		"city_name": " 泰顺",
		"city_initial": "T"
	},

	{
		"area_code": " 313300",
		"city_name": " 安吉",
		"city_initial": "J"
	},

	{
		"area_code": " 314501",
		"city_name": " 桐乡",
		"city_initial": "T"
	},

	{
		"area_code": " 322101",
		"city_name": " 东阳",
		"city_initial": "D"
	}, {
		"area_code": " 225600",
		"city_name": " 高邮",
		"city_initial": "G"
	},


	{
		"area_code": " 750000S",
		"city_name": " 宁夏",
		"city_initial": "N"
	},

	{
		"area_code": " 325601",
		"city_name": " 乐清",
		"city_initial": "L"
	},


	{
		"area_code": " 312301",
		"city_name": " 上虞",
		"city_initial": "S"
	},

	{
		"area_code": " 322200",
		"city_name": " 浦江",
		"city_initial": "P"
	},

	{
		"area_code": " 570000S",
		"city_name": " 海南省",
		"city_initial": "H"
	},

	{
		"area_code": " 311300",
		"city_name": " 临安",
		"city_initial": "L"
	},


	{
		"area_code": " 321101",
		"city_name": " 兰溪",
		"city_initial": "L"
	},

	{
		"area_code": " 325701",
		"city_name": " 洞头",
		"city_initial": "D"
	},

	{
		"area_code": " 312401",
		"city_name": " 嵊州",
		"city_initial": "S"
	}, {
		"area_code": " 321201",
		"city_name": " 武义",
		"city_initial": "W"
	},


	{
		"area_code": " 214400",
		"city_name": " 江阴",
		"city_initial": "J"
	},

	{
		"area_code": " 325801",
		"city_name": " 苍南",
		"city_initial": "C"
	},

	{
		"area_code": " 312501",
		"city_name": " 新昌浙江政务网",
		"city_initial": "X"
	},

	{
		"area_code": " 653101",
		"city_name": " 玉溪人社网",
		"city_initial": "Y"
	},

	{
		"area_code": " 435100",
		"city_name": " 大冶",
		"city_initial": "D"
	}, {
		"area_code": " 322301",
		"city_name": " 磐安",
		"city_initial": "P"
	},

	{
		"area_code": " 215500",
		"city_name": " 常熟",
		"city_initial": "C"
	},

	{
		"area_code": " 515000",
		"city_name": " 汕头",
		"city_initial": "S"

	},

	{
		"area_code": " 311501",
		"city_name": " 桐庐",
		"city_initial": "T"
	},


	{
		"area_code": " 321300",
		"city_name": " 永康",
		"city_initial": "Y"
	},


	{
		"area_code": " 537001",
		"city_name": " 玉林人社",
		"city_initial": "Y"
	},

	{
		"area_code": " 350001",
		"city_name": " 福州社保中心",
		"city_initial": "F"
	},

	{
		"area_code": " 311601",
		"city_name": " 建德",
		"city_initial": "J"
	},


	{
		"area_code": " 342100",
		"city_name": " 安远",
		"city_initial": "Y"
	},


	{
		"area_code": " 538001",
		"city_name": " 防城港广西人社入口",
		"city_initial": "F"
	},

	{
		"area_code": " 311701",
		"city_name": " 淳安",
		"city_initial": "C"
	},

	{
		"area_code": " 341100",
		"city_name": " 赣县",
		"city_initial": "G"
	},

	{
		"area_code": " 435200",
		"city_name": " 阳新",
		"city_initial": "Y"
	},

	{
		"area_code": " 850000S",
		"city_name": " 西藏省",
		"city_initial": "X"
	},

	{
		"area_code": " 473001",
		"city_name": " 南阳（河南社保局）",
		"city_initial": "N"
	},

	{
		"area_code": " 423001",
		"city_name": " 郴州综合查询",
		"city_initial": "B"
	},

	{
		"area_code": " 225800",
		"city_name": " 宝应",
		"city_initial": "B"
	},

	{
		"area_code": " 211400",
		"city_name": " 仪征",
		"city_initial": "Y"
	},

	{
		"area_code": " 610001",
		"city_name": " 成都社保网上经办",
		"city_initial": "C"
	},

	{
		"area_code": " 230000S",
		"city_name": " 安徽省直",
		"city_initial": "A"
	},

	{
		"area_code": " 300000",
		"city_name": " 天津网上大厅",
		"city_initial": "T"
	},

	{
		"area_code": " 415001",
		"city_name": " 常德网上办事",
		"city_initial": "C"
	},

	{
		"area_code": " 430000S",
		"city_name": " 湖北省",
		"city_initial": "H"
	},

	{
		"area_code": " SECURITY_150000S",
		"city_name": " 黑龙江省",
		"city_initial": "H"
	},


	{
		"area_code": " 317600",
		"city_name": " 玉环",
		"city_initial": "Y"
	},


	{
		"area_code": " SECURITY_153000",
		"city_name": " 伊春",
		"city_initial": "Y"
	},

	{
		"area_code": " SECURITY_154000",
		"city_name": " 佳木斯",
		"city_initial": "J"
	},

	{
		"area_code": " 110000S",
		"city_name": " 辽宁省",
		"city_initial": "L"
	},


	{
		"area_code": " SECURITY_154100",
		"city_name": " 鹤岗",
		"city_initial": "H"
	},

	{
		"area_code": " SECURITY_155100",
		"city_name": " 双鸭山",
		"city_initial": "S"
	},


	{
		"area_code": " SECURITY_164300",
		"city_name": " 黑河",
		"city_initial": "H"
	},


	{
		"area_code": " SECURITY_158100",
		"city_name": " 鸡西",
		"city_initial": "J"
	},

	{
		"area_code": " 061000",
		"city_name": " 沧州",
		"city_initial": "C"
	},

	{
		"area_code": " SECURITY_157000",
		"city_name": " 牡丹江",
		"city_initial": "M"
	},

	{
		"area_code": " 230001",
		"city_name": " 芜湖易户网",
		"city_initial": "W"
	},


	{
		"area_code": " 530001",
		"city_name": " 广西壮族社保事业局",
		"city_initial": "G"
	},


	{
		"area_code": " 417001",
		"city_name": " 娄底综合查询",
		"city_initial": "L"
	},

	{
		"area_code": " 114001",
		"city_name": " 鞍山社保局",

		"city_initial": "A"
	},

	{
		"area_code": " 065000",
		"city_name": " 廊坊",
		"city_initial": "L"
	},


	{
		"area_code": " 130001S",
		"city_name": " 吉林省直",
		"city_initial": "J"
	},


	{
		"area_code": " 138001",
		"city_name": " 松原社保个人查询",
		"city_initial": "S"
	},


	{
		"area_code": " 323000",
		"city_name": " 丽水人社",
		"city_initial": "L"
	},


	{
		"area_code": " 361001",
		"city_name": " 厦门人社",
		"city_initial": "X"
	},

	{
		"area_code": " 514021",
		"city_name": " 梅州",
		"city_initial": "M"
	},

	{
		"area_code": " 641301",
		"city_name": " 资阳网上办事",
		"city_initial": "Z"
	},

	{
		"area_code": " 615001",
		"city_name": " 凉山网上办事",
		"city_initial": "L"
	},

	{
		"area_code": " 313100",
		"city_name": " 长兴智慧人社",
		"city_initial": "C"
	},

	{
		"area_code": " 529000",
		"city_name": " 江门",
		"city_initial": "J"
	},

	{
		"area_code": " 530001S",
		"city_name": " 广西人社厅",
		"city_initial": "G"
	}, {
		"area_code": " 411100",
		"city_name": " 湘潭人社",
		"city_initial": "X"
	},


	{
		"area_code": " SECURITY_223800",
		"city_name": " 宿迁",
		"city_initial": "S"
	},

	{
		"area_code": " 137401",
		"city_name": " 乌兰浩特",
		"city_initial": "W"
	},


	{
		"area_code": " SECURITY_154600",
		"city_name": " 七台河",
		"city_initial": "Q"
	},

	{
		"area_code": " 050000S",
		"city_name": " 河北省",
		"city_initial": "H"
	},

	{
		"area_code": " 114200",
		"city_name": " 海城",
		"city_initial": "H"
	}, {
		"area_code": " 615002",
		"city_name": " 西昌",
		"city_initial": "X"
	},


	{
		"area_code": " SECURITY_152000",
		"city_name": " 绥化",
		"city_initial": "L"
	},

	{
		"area_code": " 071000",
		"city_name": " 保定",
		"city_initial": "B"
	},

	{
		"area_code": " 272100",
		"city_name": " 兖州",
		"city_initial": "Y"
	},


	{
		"area_code": " 277500",
		"city_name": " 滕州",
		"city_initial": "T"
	},


	{
		"area_code": " 731100",
		"city_name": " 临夏州",
		"city_initial": "L"
	},

	{
		"area_code": " 276001",
		"city_name": " 临沂城乡居民养老",
		"city_initial": "L"
	}]
}